rank,name,overall,teaching,research,citations,industry_income,international_outlook,number_students,student_staff,intl_students,female_male,location
1,University of Oxford,94.0,89.0,99.0,99.0,62.0,94.0,19718,10.0,35,46/54,United Kingdom
2,California Institute of Technology,95.2,95.5,95.7,99.8,90.8,63.4,2181,6.7,27,31/69,United States
3,Stanford University,94.4,92.6,95.9,99.9,60.9,76.5,15658,7.7,22,42/58,United States
4,University of Cambridge,93.7,90.6,97.2,96.8,50.4,92.4,18605,11.3,35,45/55,United Kingdom
5,Massachusetts Institute of Technology,93.7,90.3,92.3,99.9,88.4,85.6,11192,8.8,33,37/63,United States
6,Harvard University,93.2,87.5,98.3,99.7,47.3,77.9,19890,8.8,25,null,United States
7,Princeton University,90.7,89.5,88.4,99.2,49.9,77.2,7925,8.4,23,45/55,United States
8,Imperial College London,90.0,86.4,86.6,97.3,67.5,96.5,15236,11.3,52,37/63,United Kingdom
9,ETH Zurich,89.1,81.5,93.7,92.5,63.7,98.1,18616,14.9,37,31/69,Switzerland
=10,"University of California, Berkeley",89.9,82.4,96.1,99.8,37.6,59.6,34834,12.0,16,52/48,United States
=10,University of Chicago,89.7,88.1,89.1,99.1,37.7,67.8,13486,6.2,24,42/58,United States
12,Yale University,89.0,88.5,87.8,97.8,44.5,64.3,11946,4.4,21,49/51,United States
13,University of Pennsylvania,88.2,85.9,88.9,98.6,49.9,50.1,20367,6.5,20,51/49,United States
14,"University of California, Los Angeles",87.6,82.9,89.0,98.4,47.1,58.0,38392,9.9,16,53/47,United States
15,UCL,86.5,77.4,90.0,94.0,41.9,94.3,28602,10.6,47,56/44,United Kingdom
16,Columbia University,86.7,86.9,78.9,98.6,44.9,75.3,25659,6.0,30,null,United States
17,Johns Hopkins University,86.5,77.4,84.3,98.4,100.0,71.1,15303,3.5,24,51/49,United States
18,Duke University,85.7,80.7,80.0,98.8,100.0,58.2,15204,4.8,17,49/51,United States
19,Cornell University,85.5,79.7,86.5,97.2,36.0,62.2,21593,9.9,19,49/51,United States
20,Northwestern University,84.7,75.8,85.0,97.0,85.8,56.1,18570,14.0,16,48/52,United States
21,University of Michigan,84.6,79.4,86.1,95.8,43.9,54.6,41912,8.8,16,48/52,United States
22,University of Toronto,83.3,74.6,86.3,91.9,48.8,78.3,68093,18.8,16,null,Canada
23,Carnegie Mellon University,82.8,70.2,84.0,99.3,51.8,59.6,12311,13.2,38,38/62,United States
24,National University of Singapore,81.3,76.7,86.9,79.7,61.3,96.0,31111,16.7,32,50/50,Singapore
=25,London School of Economics and Political Science,80.4,70.8,74.7,96.3,34.8,91.0,9401,11.8,70,53/47,United Kingdom
=25,University of Washington,81.3,70.2,80.4,98.8,49.8,55.0,45162,11.9,15,53/47,United States
27,University of Edinburgh,79.3,67.5,74.7,96.0,35.0,91.5,25279,12.6,37,59/41,United Kingdom
28,Karolinska Institute,78.1,62.1,76.0,95.9,72.1,74.2,7723,11.3,23,69/31,Sweden
29,Peking University,77.8,84.6,80.3,71.6,100.0,50.3,42977,8.8,15,48/52,China
=30,LMU Munich,77.3,70.5,73.4,87.4,100.0,65.4,36180,15.7,14,61/39,Germany
=30,École Polytechnique Fédérale de Lausanne,76.7,62.9,66.1,96.5,69.8,98.6,9750,11.2,54,27/73,Switzerland
32,New York University,77.7,75.1,68.8,95.3,33.6,54.3,43021,6.6,25,55/45,United States
=33,Georgia Institute of Technology,76.7,60.8,79.2,90.8,62.3,72.8,19847,19.8,26,31/69,United States
=33,University of Melbourne,76.3,65.4,73.6,88.1,63.7,88.3,42273,24.8,37,55/45,Australia
35,Tsinghua University,76.9,78.9,89.6,67.4,99.7,39.4,41537,14.1,10,32/68,China
=36,University of British Columbia,75.9,61.2,72.5,92.9,41.1,92.0,51889,18.2,29,54/46,Canada
=36,University of Illinois at Urbana-Champaign,76.9,65.6,81.4,89.3,50.3,49.7,43202,18.3,22,46/54,United States
=36,King’s College London,75.9,61.5,71.0,93.5,42.5,93.8,21986,11.3,38,61/39,United Kingdom
39,The University of Tokyo,74.9,83.4,89.2,62.4,53.4,30.6,26080,7.0,10,null,Japan
40,KU Leuven,74.4,57.0,73.7,90.1,99.8,67.4,46381,41.9,16,49/51,Belgium
41,"University of California, San Diego",74.4,61.2,66.2,98.9,67.3,47.7,28416,6.6,14,47/53,United States
42,McGill University,73.0,66.4,70.3,81.8,41.9,86.4,30911,13.5,24,57/43,Canada
=43,Heidelberg University,73.7,66.7,65.0,90.8,60.0,62.7,29527,24.9,17,55/45,Germany
=43,University of Hong Kong,72.4,66.5,74.5,73.2,52.9,99.4,20095,17.8,39,51/49,Hong Kong
45,University of Wisconsin-Madison,73.7,68.2,71.4,87.9,47.4,42.0,40048,11.0,12,51/49,United States
46,Technical University of Munich,71.9,61.0,70.5,82.0,100.0,66.6,36929,51.9,22,33/67,Germany
47,Australian National University,71.0,54.0,73.9,81.7,53.5,93.9,15402,19.9,35,52/48,Australia
48,"University of California, Santa Barbara",72.0,52.2,62.6,99.2,87.6,63.3,22267,27.4,12,51/49,United States
49,Hong Kong University of Science and Technology,71.3,53.2,66.7,91.2,62.0,82.8,11960,27.3,38,null,Hong Kong
50,University of Texas at Austin,72.2,63.9,65.9,93.0,51.3,35.7,48689,17.2,10,51/49,United States
=51,Brown University,71.4,66.3,54.4,96.7,33.9,58.0,8694,10.2,20,null,United States
=51,"University of California, Davis",71.1,61.4,67.3,86.6,50.0,61.2,36060,13.7,15,55/45,United States
53,University of Minnesota Twin Cities,71.6,60.3,69.8,87.0,94.2,38.2,46625,17.5,13,52/48,United States
54,"Nanyang Technological University, Singapore",69.8,50.6,60.2,90.7,93.5,95.7,25278,16.1,32,49/51,Singapore
55,University of Manchester,69.6,58.2,66.3,82.3,45.1,87.0,34015,14.4,36,52/48,United Kingdom
56,University of North Carolina at Chapel Hill,70.7,61.9,59.6,96.1,41.0,40.0,26412,7.5,8,57/43,United States
=57,Humboldt University of Berlin,69.6,62.5,69.0,79.9,39.4,64.4,31043,54.8,17,null,Germany
=57,Washington University in St Louis,70.5,60.7,56.2,99.1,36.9,45.5,12528,5.7,17,null,United States
59,Delft University of Technology,67.4,56.2,72.9,67.3,99.9,85.9,16174,18.9,25,27/73,Netherlands
=60,University of Queensland,67.1,49.7,60.1,86.1,70.6,88.6,38892,35.4,25,55/45,Australia
=60,University of Southern California,68.0,50.5,60.0,94.7,39.4,62.7,38466,13.6,23,52/48,United States
=60,University of Sydney,67.2,51.3,63.2,83.2,63.9,83.7,42678,19.0,29,57/43,Australia
63,University of Amsterdam,67.6,49.4,62.0,90.3,54.6,69.3,25344,14.3,10,58/42,Netherlands
64,Boston University,68.0,60.2,48.5,97.7,34.4,54.6,24714,8.4,19,59/41,United States
65,Wageningen University & Research,67.0,51.8,50.1,92.8,100.0,75.6,9535,15.6,23,56/44,Netherlands
66,École Normale Supérieure,66.1,59.8,52.3,85.8,40.0,72.2,1548,9.6,18,40/60,France
67,"University of Maryland, College Park",66.7,51.0,63.2,91.1,38.5,36.7,31353,16.8,9,48/52,United States
68,Pennsylvania State University,66.0,55.6,63.3,82.9,51.9,42.7,45359,12.3,13,46/54,United States
69,Erasmus University Rotterdam,65.0,38.8,56.8,95.6,57.7,77.1,21854,20.6,19,49/51,Netherlands
70,Purdue University,64.6,57.2,66.8,69.0,62.5,67.7,38788,17.7,22,42/58,United States
71,University of Bristol,64.6,45.9,51.7,92.7,40.9,83.2,18544,13.6,25,52/48,United Kingdom
=72,Ohio State University,65.0,57.0,53.1,86.2,50.6,54.6,52497,12.8,12,49/51,United States
=72,Seoul National University,64.9,70.2,69.8,58.8,85.2,32.4,26777,13.1,11,null,South Korea
74,Monash University,63.8,49.5,57.4,78.5,76.0,87.1,44217,34.5,25,57/43,Australia
75,Free University of Berlin,63.7,58.1,67.3,66.9,38.9,67.2,32909,53.9,21,58/42,Germany
76,Chinese University of Hong Kong,63.3,52.2,60.4,74.6,44.7,84.0,18433,10.5,27,null,Hong Kong
77,Leiden University,63.8,46.1,57.9,86.1,47.3,68.1,23597,17.8,11,59/41,Netherlands
=78,University of New South Wales,62.8,43.2,58.6,81.4,49.7,91.0,39121,26.3,32,46/54,Australia
=78,RWTH Aachen University,63.4,53.3,63.7,71.3,99.4,53.4,42298,54.9,17,32/68,Germany
=80,University of Groningen,62.7,41.9,55.1,87.1,79.9,66.4,25281,24.4,13,52/48,Netherlands
=80,University of Pittsburgh,63.7,49.2,51.9,94.2,39.6,35.4,26501,5.9,10,51/49,United States
=82,Dartmouth College,63.4,58.6,41.1,94.2,39.9,37.9,6109,6.7,15,47/53,United States
=82,Emory University,63.2,52.9,39.7,97.4,43.2,52.7,12649,4.4,19,57/43,United States
=82,Technical University of Berlin,62.4,49.8,59.3,74.3,98.0,60.8,20548,60.3,19,34/66,Germany
=82,University of Warwick,61.7,46.8,52.6,80.9,40.8,91.4,18558,14.6,38,47/53,United Kingdom
86,Utrecht University,62.8,46.1,48.5,90.7,80.7,57.6,31142,15.6,7,59/41,Netherlands
87,Rice University,62.4,46.9,38.7,99.1,43.4,69.5,6447,9.0,27,43/57,United States
88,University of Glasgow,61.4,40.6,47.8,90.6,39.4,88.6,22856,15.3,32,57/43,United Kingdom
=89,Korea Advanced Institute of Science and Technology (KAIST),62.4,55.7,53.2,78.5,100.0,34.3,9327,9.5,9,20/80,South Korea
=89,University of Tübingen,61.9,46.0,56.2,82.9,56.3,57.8,28074,37.3,11,58/42,Germany
=91,University of Helsinki,62.0,47.0,57.6,83.5,34.9,52.2,23369,17.0,6,65/35,Finland
=91,Kyoto University,61.7,70.2,70.1,50.4,75.1,28.0,22547,5.5,7,null,Japan
93,Uppsala University,61.7,43.0,57.1,85.2,40.4,59.9,25275,16.6,12,57/43,Sweden
94,Maastricht University,60.7,39.2,48.6,84.4,85.7,96.0,16030,18.3,47,58/42,Netherlands
95,University of Freiburg,61.5,45.9,49.9,83.6,100.0,61.1,25890,33.7,16,52/48,Germany
=96,Durham University,60.5,43.0,49.0,85.0,37.4,87.0,15705,15.3,26,54/46,United Kingdom
=96,Lund University,60.8,41.3,53.1,83.2,68.5,74.6,28852,12.0,15,53/47,Sweden
=98,Aarhus University,60.5,39.0,54.7,83.0,65.4,75.7,24633,13.9,14,55/45,Denmark
=98,University of Basel,60.3,40.1,36.8,92.4,99.3,94.4,12560,17.4,24,54/46,Switzerland
=98,"University of California, Irvine",61.1,42.5,45.0,94.1,45.5,62.3,29304,17.2,18,53/47,United States
101,Michigan State University,60.4,51.6,48.9,81.1,38.5,58.8,45297,15.8,16,51/49,United States
102,University of Mannheim,60.6,39.1,51.3,88.3,76.4,57.7,10808,84.0,14,55/45,Germany
103,University of Montreal,59.5,46.8,47.8,77.4,67.7,85.0,37651,20.2,24,58/42,Canada
=104,Georgetown University,60.5,56.7,39.3,84.6,74.4,47.3,15726,8.6,15,54/46,United States
=104,Pohang University of Science and Technology (POSTECH),60.7,53.8,48.7,79.2,99.6,34.2,3017,10.0,4,22/78,South Korea
106,University of Zurich,59.5,46.4,38.5,87.5,44.2,89.3,26042,6.1,18,57/43,Switzerland
107,University of Alberta,59.1,49.5,53.0,69.9,61.3,82.7,33159,21.1,24,55/45,Canada
108,Vanderbilt University,61.0,50.1,37.3,96.7,73.5,29.8,12161,3.1,9,52/48,United States
109,University of Sheffield,59.1,42.3,47.6,82.7,44.7,83.1,23961,15.3,33,50/50,United Kingdom
=110,University of Bern,58.8,43.2,43.0,82.8,75.5,83.8,14651,23.3,14,55/45,Switzerland
=110,University of St Andrews,58.5,45.2,44.3,80.3,33.7,94.3,8453,12.2,46,57/43,United Kingdom
112,University of Göttingen,59.4,49.7,48.0,81.1,34.8,56.6,26549,26.1,12,50/50,Germany
=113,University of Bonn,59.3,47.2,40.8,88.3,37.3,64.6,33939,73.3,13,55/45,Germany
=113,McMaster University,58.9,43.5,45.4,82.3,66.1,76.2,23943,20.4,16,52/48,Canada
=113,Queen Mary University of London,58.7,34.0,39.7,95.1,40.0,94.3,14502,13.2,42,52/48,United Kingdom
=116,University of Colorado Boulder,60.0,42.5,43.7,96.1,38.0,39.4,29741,16.3,9,44/56,United States
=116,École Polytechnique,58.0,58.6,40.6,67.2,71.9,92.3,2669,5.0,31,18/82,France
118,Ghent University,59.0,43.0,55.5,75.7,84.4,55.1,35374,37.0,9,53/47,Belgium
119,City University of Hong Kong,58.3,42.1,44.5,81.6,66.4,83.5,9871,11.6,30,52/48,Hong Kong
120,University of Copenhagen,58.4,46.8,33.1,89.8,44.2,82.3,29796,4.2,17,62/38,Denmark
=121,Pierre and Marie Curie University,58.5,52.9,33.7,86.2,38.2,71.4,28473,8.0,17,48/52,France
=121,Radboud University Nijmegen,58.6,35.0,50.6,87.2,45.2,68.3,19079,19.1,11,57/43,Netherlands
=121,University of Southampton,58.0,39.2,46.1,82.8,39.2,90.2,21049,12.8,31,53/47,United Kingdom
=121,University of Virginia,59.1,53.7,38.6,86.6,41.9,44.6,23797,10.0,12,53/47,United States
125,University of Western Australia,58.0,32.3,44.9,89.0,48.8,92.9,20777,23.0,27,50/50,Australia
=126,Case Western Reserve University,59.1,50.2,38.9,90.2,36.8,42.0,9622,6.6,18,48/52,United States
=126,University of Exeter,58.0,34.6,39.2,94.3,34.9,87.6,18233,17.5,27,55/45,United Kingdom
128,Université Catholique de Louvain,57.8,39.6,51.3,78.5,51.5,75.6,23916,38.1,19,54/46,Belgium
129,University of York,57.5,42.5,45.9,79.8,34.1,84.5,14676,15.3,26,55/45,United Kingdom
130,University of Birmingham,57.7,38.6,42.4,86.8,38.0,84.2,26362,16.7,25,54/46,United Kingdom
131,Arizona State University,58.1,38.5,48.9,87.7,36.6,49.7,43082,20.1,16,44/56,United States
=131,Trinity College Dublin,56.8,44.2,45.3,75.4,38.6,90.4,15805,23.4,25,58/42,Ireland
132,University of Oslo,57.3,39.7,43.1,85.5,42.9,71.2,27215,18.7,18,54/46,Norway
133,University of Leeds,56.9,42.3,43.0,81.3,39.0,78.2,27791,15.0,22,59/41,United Kingdom
134,University of Florida,57.6,53.6,48.1,72.9,65.7,35.2,44911,17.0,9,54/46,United States
=135,Tufts University,57.5,48.1,34.3,88.5,58.5,50.5,10462,10.1,15,54/46,United States
=135,Ulm University,57.4,38.2,38.1,91.0,84.0,56.9,10370,27.3,12,47/53,Germany
=137,University of Geneva,55.9,37.4,41.1,79.3,66.7,98.3,15587,15.0,40,61/39,Switzerland
=137,Lancaster University,56.2,37.0,40.9,84.7,35.6,89.1,11673,13.6,35,52/48,United Kingdom
=137,Scuola Normale Superiore di Pisa,57.0,54.0,47.5,70.3,51.6,47.3,545,15.1,6,30/70,Italy
=137,Sungkyunkwan University (SKKU),57.1,53.7,50.6,66.5,88.9,39.6,24791,19.1,10,null,South Korea
141,"Rutgers, the State University of New Jersey",57.3,47.7,49.8,77.9,36.6,35.6,42892,10.8,8,52/48,United States
142,University of Adelaide,55.9,37.1,43.9,78.8,67.5,86.3,20462,29.6,27,47/53,Australia
143,University of Notre Dame,56.7,50.2,40.7,80.2,37.4,48.2,11821,13.5,10,45/55,United States
=144,Karlsruhe Institute of Technology,56.2,41.3,45.2,76.4,98.3,59.5,25948,24.5,17,27/73,Germany
=144,Stockholm University,56.2,32.2,46.2,86.8,33.8,72.1,31272,23.5,8,62/38,Sweden
146,"University of California, Santa Cruz",56.9,34.7,35.3,99.8,40.9,48.7,17203,24.5,2,53/47,United States
147,University of Nottingham,55.4,41.0,41.3,78.9,39.8,81.6,29738,14.7,28,53/47,United Kingdom
148,University of Cape Town,55.5,32.4,37.2,87.3,88.8,80.1,20061,11.6,17,53/47,South Africa
149,University of Sussex,55.1,32.6,37.9,88.1,33.7,88.8,12293,15.8,35,55/45,United Kingdom
150,Indiana University,55.9,46.4,40.2,82.1,35.2,47.0,66057,14.2,14,52/48,United States
=151,University of Lausanne,54.5,31.8,46.6,75.6,76.1,90.1,12647,13.5,24,null,Switzerland
=151,University of Rochester,55.7,43.4,32.4,89.4,38.9,58.9,9628,4.5,28,51/49,United States
=153,University of Science and Technology of China,56.0,51.8,43.4,74.7,77.6,24.2,14827,8.1,3,null,China
=153,University of Twente,54.4,36.8,46.7,70.8,84.6,83.6,6583,12.5,28,36/64,Netherlands
155,Fudan University,55.2,55.3,47.0,65.7,53.2,37.5,32449,12.1,11,50/50,China
=156,University of Arizona,55.5,42.9,42.2,83.2,35.6,41.7,37023,12.8,9,52/48,United States
=156,Vrije Universiteit Amsterdam,55.2,33.1,40.2,89.4,50.3,58.9,24592,15.5,7,56/44,Netherlands
158,University of Liverpool,54.3,35.1,35.2,85.7,37.4,87.7,19085,11.7,34,53/47,United Kingdom
159,KTH Royal Institute of Technology,53.7,42.5,45.3,67.4,51.1,83.3,12841,15.9,17,31/69,Sweden
160,University of Erlangen-Nuremberg,54.7,38.7,43.6,77.3,96.0,49.1,37882,55.4,9,49/51,Germany
=161,University of Münster,54.9,40.8,38.3,84.4,62.6,44.3,41807,42.4,6,53/47,Germany
=161,University of Vienna,53.2,41.1,46.6,65.9,33.5,93.0,34711,20.3,26,67/33,Austria
163,Autonomous University of Barcelona,54.5,39.4,36.4,86.7,39.9,52.3,31095,12.4,11,59/41,Spain
164,TU Dresden,54.0,42.3,45.6,70.2,95.7,49.4,35468,36.3,12,42/58,Germany
=165,University of Auckland,53.0,32.8,40.8,75.8,70.5,90.5,30287,18.9,29,54/46,New Zealand
=165,"University of California, Riverside",54.2,32.0,33.7,93.4,40.5,62.2,20901,22.6,13,51/49,United States
=165,University of East Anglia,53.6,30.7,31.1,92.4,32.4,84.3,13997,13.9,28,58/42,United Kingdom
=165,University of Massachusetts,54.2,40.4,34.8,85.6,50.2,51.5,58624,13.1,13,49/51,United States
169,Texas A&M University,53.2,53.1,57.0,50.7,46.9,50.1,53694,22.1,9,47/53,United States
=170,University of Cologne,53.7,40.2,38.3,79.2,64.3,55.9,44882,41.3,11,61/39,Germany
=170,University of Gothenburg,53.8,30.3,40.5,87.9,39.9,59.6,17761,10.6,12,null,Sweden
172,University of Leicester,53.0,30.9,32.4,88.4,35.1,87.6,14179,12.5,36,53/47,United Kingdom
=173,"Royal Holloway, University of London",52.7,33.3,32.3,84.5,35.7,93.0,8551,15.3,38,58/42,United Kingdom
=173,University of Waterloo,52.7,37.8,44.9,70.8,41.0,77.5,31776,24.8,15,45/55,Canada
175,Pompeu Fabra University,53.5,30.3,33.0,93.1,40.5,65.1,10791,20.1,12,59/41,Spain
176,Technical University of Denmark,52.4,38.3,30.0,80.2,60.6,85.8,8063,5.7,18,27/73,Denmark
177,Eindhoven University of Technology,52.4,36.6,43.5,71.7,56.9,72.0,10015,19.4,14,22/78,Netherlands
178,University of Luxembourg,51.8,29.7,30.0,85.8,40.6,99.9,5219,17.2,55,51/49,Luxembourg
179,Paris-Sud University,52.6,40.6,31.1,83.2,32.5,64.0,26642,14.1,17,55/45,France
=180,University of Dundee,52.4,26.7,31.0,92.3,43.8,79.1,11266,14.7,24,61/39,United Kingdom
=180,University of Hamburg,52.3,42.0,41.6,70.5,60.6,56.7,37501,46.7,11,57/43,Germany
=182,Cardiff University,51.8,31.8,36.9,80.9,37.0,78.9,23549,14.3,25,56/44,United Kingdom
=182,University of Miami,52.4,43.1,17.1,92.5,38.1,65.8,16054,6.0,15,51/49,United States
=182,Northeastern University,52.4,38.2,25.7,89.8,35.5,63.0,18368,14.5,28,50/50,United States
=182,University of the Witwatersrand,52.0,26.4,37.3,82.9,100.0,69.4,24565,24.5,8,56/44,South Africa
=186,Hebrew University of Jerusalem,52.0,44.3,39.6,71.1,35.4,56.1,17709,10.8,5,57/43,Israel
=186,University of Würzburg,52.4,34.8,37.0,83.4,48.1,51.2,22297,33.5,8,57/43,Germany
=188,University of Aberdeen,51.2,31.0,31.2,82.6,44.5,92.0,11554,13.6,32,55/45,United Kingdom
=188,Lomonosov Moscow State University,50.3,75.2,61.6,12.5,89.1,59.9,29563,7.4,21,45/55,Russian Federation
=190,Newcastle University,51.2,33.6,32.1,81.0,38.7,84.9,20307,15.6,28,49/51,United Kingdom
=190,Scuola Superiore Sant’Anna,52.1,44.7,33.9,74.1,86.6,44.9,679,13.1,13,38/62,Italy
=192,Hong Kong Polytechnic University,50.9,35.0,41.8,69.9,47.9,79.7,21907,25.6,25,54/46,Hong Kong
=192,University of Reading,50.8,36.8,37.5,71.6,36.6,86.6,12086,13.9,29,56/44,United Kingdom
194,University of Konstanz,51.2,39.8,44.5,64.4,73.1,62.6,11335,50.4,12,54/46,Germany
=195,University of Calgary,51.1,34.8,35.2,77.9,48.8,71.5,28047,16.0,18,53/47,Canada
=195,National Taiwan University,51.6,51.4,52.5,54.5,47.8,29.9,31581,11.6,8,40/60,Taiwan
197,University of Duisburg-Essen,51.8,34.1,28.7,87.5,77.8,50.6,41002,53.0,12,49/51,Germany
=198,Brandeis University,52.0,29.8,24.6,99.7,33.8,49.2,5532,13.1,23,55/45,United States
=198,Tilburg University,50.4,38.8,50.2,57.0,58.0,74.3,7454,22.4,13,49/51,Netherlands
200,University of Illinois at Chicago,50.9,46.0,35.3,69.6,41.6,57.1,24459,11.6,18,53/47,United States
201—250,Aalborg University,48.6,24.2,35.2,80.1,44.8,71.7,19286,17.4,15,48/52,Denmark
201—250,Aalto University,48.2,34.4,29.0,75.0,52.5,69.6,12653,20.1,20,34/66,Finland
201—250,University of Antwerp,50.6,34.5,39.8,73.0,54.6,64.9,16445,35.8,15,54/46,Belgium
201—250,University of Barcelona,49.8,33.7,33.0,81.3,35.3,49.3,47569,12.5,10,61/39,Spain
201—250,University of Bergen,50.4,29.8,29.3,86.2,36.6,74.0,11949,11.5,13,59/41,Norway
201—250,"Birkbeck, University of London",45.8,27.4,35.1,67.0,32.6,88.4,9690,19.5,38,54/46,United Kingdom
201—250,University of Bologna,48.6,35.6,27.5,81.7,37.4,42.8,84486,22.3,7,56/44,Italy
201—250,Boston College,50.1,47.3,19.3,79.9,43.8,60.2,12932,16.5,19,55/45,United States
201—250,CentraleSupélec,46.1,35.8,14.7,78.1,56.4,84.0,4130,11.4,32,22/78,France
201—250,University of Cincinnati,47.4,37.8,29.6,75.4,41.9,31.8,27712,21.9,8,52/48,United States
201—250,University College Dublin,49.7,31.5,37.8,72.5,37.4,88.1,21438,22.7,25,null,Ireland
201—250,University of Delaware,49.0,26.9,36.8,78.1,92.5,44.0,19426,16.2,10,56/44,United States
201—250,ESPCI ParisTech,49.5,45.3,22.3,76.2,77.1,49.7,481,6.3,14,38/62,France
201—250,Florida State University,49.0,40.8,39.5,67.1,34.2,45.7,41737,30.2,7,55/45,United States
201—250,George Washington University,48.6,47.1,27.7,70.7,32.9,48.0,21409,12.4,15,57/43,United States
201—250,Goethe University Frankfurt,47.8,32.4,27.5,79.7,38.2,59.4,45453,13.1,15,58/42,Germany
201—250,University of Hawai’i at Mānoa,50.2,34.2,38.7,73.2,53.2,63.5,16580,10.9,13,56/44,United States
201—250,University of Iceland,47.6,16.9,27.6,92.0,52.7,60.3,13373,24.0,8,66/34,Iceland
201—250,Indian Institute of Science,47.3,50.1,49.2,47.3,48.0,18.1,3398,8.3,1,20/80,India
201—250,University of Iowa,47.8,40.9,27.1,74.9,53.8,34.6,27807,11.6,12,52/48,United States
201—250,University of Kiel,50.5,31.6,27.2,90.8,33.5,51.2,24701,23.3,8,54/46,Germany
201—250,King Abdulaziz University,48.2,26.4,12.4,93.3,66.0,92.1,37178,8.3,21,55/45,Saudi Arabia
201—250,Korea University,46.5,40.9,45.4,49.2,98.6,44.0,22739,15.5,16,42/58,South Korea
201—250,Université Libre de Bruxelles,50.2,26.3,42.8,74.4,44.5,83.3,23712,35.0,32,54/46,Belgium
201—250,Nanjing University,48.0,41.7,36.9,61.5,73.9,51.4,34784,15.7,9,42/58,China
201—250,"National University of Ireland, Galway",46.5,27.7,27.8,76.7,41.4,78.1,13911,26.1,16,56/44,Ireland
201—250,University of Newcastle,46.8,29.3,28.5,73.5,63.7,79.8,23838,22.7,18,56/44,Australia
201—250,North Carolina State University,46.8,37.5,32.7,68.4,42.0,50.2,30187,13.1,12,45/55,United States
201—250,University of Otago,49.7,30.5,30.7,80.1,35.6,88.6,18567,20.2,20,57/43,New Zealand
201—250,University of Oulu,47.0,30.3,32.6,75.1,39.9,54.2,10089,23.5,7,50/50,Finland
201—250,Paris Descartes University,48.2,24.6,32.5,84.6,38.6,51.7,32978,24.4,15,63/37,France
201—250,Paris Diderot University – Paris 7,49.8,28.9,24.0,91.8,32.9,65.7,27836,14.8,17,63/37,France
201—250,Polytechnic University of Milan,47.8,32.6,30.3,76.4,59.3,52.6,33486,25.3,13,35/65,Italy
201—250,Queensland University of Technology,47.2,28.4,37.9,67.4,58.9,77.9,34398,36.3,17,54/46,Australia
201—250,Queen’s University,46.2,38.9,34.8,60.9,41.7,64.7,21015,22.6,11,58/42,Canada
201—250,Queen’s University Belfast,50.0,31.2,31.9,78.3,37.1,94.3,17348,16.1,32,55/45,United Kingdom
201—250,Royal College of Surgeons in Ireland (RCSI),48.2,35.5,18.6,81.7,37.1,89.5,2184,18.2,62,null,Ireland
201—250,Shanghai Jiao Tong University,49.7,51.9,56.5,41.5,90.5,29.3,36535,12.3,6,41/59,China
201—250,Simon Fraser University,47.4,23.8,31.9,77.0,47.5,89.3,26607,28.3,29,55/45,Canada
201—250,University of South Florida,47.9,27.8,34.9,75.2,95.8,44.4,32016,19.0,11,null,United States
201—250,"St George’s, University of London",49.4,21.3,20.7,100.0,35.5,67.7,3077,14.5,16,62/38,United Kingdom
201—250,Stony Brook University,49.6,34.7,24.5,86.8,35.6,55.6,22867,10.9,24,49/51,United States
201—250,University of Stuttgart,48.3,42.3,44.5,53.4,100.0,47.2,15721,30.3,14,30/70,Germany
201—250,University of Technology Sydney,49.8,27.1,40.0,73.8,44.2,92.3,25069,44.0,35,52/48,Australia
201—250,Technical University of Darmstadt,46.5,38.2,43.0,52.5,95.1,54.7,20719,51.9,18,28/72,Germany
201—250,Tel Aviv University,49.1,41.0,51.1,55.1,45.3,49.1,23663,24.0,4,null,Israel
201—250,University of Texas at Dallas,50.9,26.9,32.5,90.4,43.3,53.1,17825,25.0,25,44/56,United States
201—250,Tohoku University,48.5,48.6,47.3,50.4,69.5,32.4,17349,5.4,9,26/74,Japan
201—250,University of Trento,48.3,23.6,27.7,89.3,41.3,57.3,17118,28.2,9,52/48,Italy
201—250,University of Utah,51.5,37.9,30.5,86.7,47.8,32.5,30193,14.8,10,45/55,United States
201—250,Wake Forest University,49.9,37.8,20.3,92.6,41.3,26.1,7451,4.5,5,50/50,United States
201—250,Western University,50.1,40.1,34.9,69.3,55.1,73.6,28060,21.6,16,55/45,Canada
201—250,Zhejiang University,49.6,51.7,54.2,44.5,89.2,22.0,47845,15.2,5,41/59,China
201—250,École Normale Supérieure de Lyon,47.7,44.5,30.4,64.5,34.9,68.4,2238,8.4,15,46/54,France
251—300,University of Bath,45.2,31.8,31.0,65.1,37.2,85.5,11765,16.5,30,45/55,United Kingdom
251—300,University of Bayreuth,45.0,32.6,31.4,66.3,63.5,53.8,12709,37.8,7,46/54,Germany
251—300,Bielefeld University,46.3,37.6,43.7,55.6,59.3,46.2,22279,69.6,8,57/43,Germany
251—300,University at Buffalo,45.9,38.0,29.0,66.1,42.8,64.6,26418,18.8,21,46/54,United States
251—300,Chalmers University of Technology,45.9,38.8,28.5,61.9,70.8,75.8,8819,11.9,15,31/69,Sweden
251—300,Charles Darwin University,46.0,18.4,19.0,91.7,44.3,77.2,6096,21.3,25,66/34,Australia
251—300,Colorado School of Mines,45.9,32.6,27.8,73.5,74.9,39.9,5437,17.7,11,27/73,United States
251—300,Copenhagen Business School,43.7,19.8,24.4,76.8,39.4,89.9,19154,42.9,21,48/52,Denmark
251—300,Dalhousie University,45.8,29.1,29.6,70.7,47.6,80.1,15293,14.9,19,55/45,Canada
251—300,Deakin University,43.5,23.0,24.5,75.5,34.1,76.8,34968,31.1,17,59/41,Australia
251—300,Free University of Bozen-Bolzano,45.3,22.8,8.1,96.1,32.3,79.9,2813,4.1,16,67/33,Italy
251—300,University of Fribourg,44.2,33.7,32.7,56.8,59.7,86.8,10701,46.2,18,58/42,Switzerland
251—300,Griffith University,44.8,22.6,28.5,74.8,41.3,82.3,31031,22.3,20,56/44,Australia
251—300,University of Hohenheim,44.7,34.1,30.1,66.5,49.6,51.1,9524,42.1,13,57/43,Germany
251—300,James Cook University,45.3,21.7,22.3,84.2,43.2,74.1,12004,22.9,13,63/37,Australia
251—300,Johannes Gutenberg University of Mainz,46.3,35.8,22.0,76.3,57.8,54.5,35215,31.5,10,58/42,Germany
251—300,Koç University,44.1,25.2,29.8,70.3,81.9,54.4,4793,14.6,9,52/48,Turkey
251—300,Laval University,45.8,37.0,27.3,67.2,54.7,65.5,28757,16.9,12,57/43,Canada
251—300,Macquarie University,45.7,32.5,36.5,62.3,41.3,75.0,27532,32.8,24,55/45,Australia
251—300,University of Marburg,46.1,35.1,27.2,73.7,37.4,49.6,26085,39.0,9,56/44,Germany
251—300,Mines ParisTech,45.7,43.5,20.3,64.5,98.6,63.4,1289,5.5,26,29/71,France
251—300,National Tsing Hua University,44.3,38.7,40.1,55.8,47.3,26.6,10260,13.6,6,33/67,Taiwan
251—300,Norwegian University of Science and Technology,44.6,30.1,32.8,65.5,46.5,65.3,22031,18.3,11,48/52,Norway
251—300,Oregon Health and Science University,47.5,29.7,15.3,97.6,44.9,23.2,2861,1.1,2,65/35,United States
251—300,Osaka University,46.4,52.6,49.6,38.2,73.9,28.8,23087,7.6,9,30/70,Japan
251—300,University of Ottawa,44.3,38.1,21.0,67.5,41.5,71.8,34946,25.3,15,60/40,Canada
251—300,Rensselaer Polytechnic Institute,46.1,33.6,33.5,67.3,79.1,43.1,6829,15.5,17,31/69,United States
251—300,Ruhr University Bochum,44.4,36.7,36.2,56.9,59.2,51.6,42718,61.2,13,49/51,Germany
251—300,Rush University,47.0,38.4,13.6,89.8,44.0,22.3,1987,2.2,3,71/29,United States
251—300,Sapienza University of Rome,46.8,38.3,35.3,67.2,41.0,37.6,115327,31.8,7,59/41,Italy
251—300,University of South Australia,43.5,29.9,29.9,58.4,82.9,90.1,19996,29.6,33,57/43,Australia
251—300,University of Southern Denmark,45.6,21.4,23.6,81.6,69.9,76.9,25313,13.5,16,53/47,Denmark
251—300,University of Surrey,44.1,30.0,32.6,60.9,37.6,91.8,10377,13.3,38,54/46,United Kingdom
251—300,Swedish University of Agricultural Sciences,46.1,31.3,22.3,77.7,98.9,46.8,3838,4.6,-1,68/32,Sweden
251—300,Syracuse University,45.1,32.9,25.9,75.4,36.4,41.4,19930,16.1,17,54/46,United States
251—300,University of São Paulo,46.0,57.2,60.2,25.7,39.6,28.3,83201,14.7,4,48/52,Brazil
251—300,University of Tampere,44.6,26.2,29.3,75.9,52.2,40.1,9530,21.7,5,66/34,Finland
251—300,"University of Tennessee, Knoxville",45.6,30.5,21.5,83.0,42.1,39.5,26988,17.8,4,null,United States
251—300,Tokyo Institute of Technology,46.5,48.4,50.5,41.7,64.1,32.9,9587,7.4,13,13/87,Japan
251—300,Umeå University,45.1,22.6,28.6,79.7,35.2,59.9,16698,11.7,10,60/40,Sweden
251—300,Vienna University of Technology,43.6,38.1,25.5,57.7,70.9,79.1,17620,35.8,27,29/71,Austria
251—300,Virginia Polytechnic Institute and State University,45.3,34.9,39.9,62.1,44.1,31.4,30850,18.1,10,42/58,United States
251—300,William & Mary,46.3,40.8,16.8,82.2,32.7,28.8,7963,11.9,8,55/45,United States
251—300,University of Wollongong,44.5,28.3,32.1,64.1,49.2,87.0,16581,25.5,24,50/50,Australia
251—300,Yonsei University,44.0,44.2,40.1,44.0,79.8,48.3,22469,11.9,20,null,South Korea
301—350,Aberystwyth University,42.4,20.5,21.3,77.5,34.9,75.1,8735,17.1,18,47/53,United Kingdom
301—350,Aix-Marseille University,43.0,34.5,21.2,69.5,35.1,57.2,74345,19.6,13,60/40,France
301—350,University of Alaska Fairbanks,42.6,28.3,24.0,70.5,50.5,55.0,3875,8.4,7,52/48,United States
301—350,Anglia Ruskin University,44.0,14.7,10.5,99.2,32.8,67.0,16740,24.5,25,61/39,United Kingdom
301—350,Bangor University,40.5,25.2,21.9,65.9,33.6,81.3,9162,18.3,21,55/45,United Kingdom
301—350,University of Bordeaux,43.3,29.8,19.6,76.6,34.6,54.4,52169,19.5,12,58/42,France
301—350,University of Bremen,43.4,36.2,29.4,61.7,47.0,50.4,18904,34.8,11,50/50,Germany
301—350,Brunel University London,40.7,24.9,26.0,61.3,37.2,92.3,11646,16.4,39,46/54,United Kingdom
301—350,Central European University,41.6,39.8,27.0,48.8,32.2,97.0,1298,5.8,77,51/49,Hungary
301—350,Clark University,43.9,24.4,8.0,93.7,32.8,59.0,3239,11.7,25,57/43,United States
301—350,Colorado State University,42.1,29.6,32.6,63.4,43.6,35.1,23998,16.4,5,53/47,United States
301—350,University of Connecticut,42.8,37.0,28.2,62.5,35.1,40.6,26109,12.6,7,51/49,United States
301—350,University of Crete,41.6,18.7,19.1,83.0,37.8,46.9,14518,26.7,4,62/38,Greece
301—350,University of Denver,42.5,37.7,23.6,67.2,34.9,28.7,9568,13.3,10,57/43,United States
301—350,University of Essex,41.6,32.3,36.0,47.7,32.8,95.2,10154,18.3,44,54/46,United Kingdom
301—350,Federal University of Toulouse Midi-Pyrénées,41.5,30.9,26.2,62.4,36.2,62.8,93250,23.3,19,54/46,France
301—350,George Mason University,42.4,28.1,24.6,73.4,33.4,38.7,27337,17.4,8,54/46,United States
301—350,University of Georgia,41.9,33.0,35.0,57.2,34.9,41.7,33241,19.5,7,57/43,United States
301—350,"Goldsmiths, University of London",43.0,28.4,30.6,63.8,32.2,75.4,7257,16.5,38,67/33,United Kingdom
301—350,Grenoble Alpes University,41.7,26.7,21.9,71.7,34.3,60.0,37815,16.3,15,53/47,France
301—350,Gwangju Institute of Science and Technology,43.6,39.5,39.9,51.9,44.9,35.2,1575,10.7,7,23/77,South Korea
301—350,University of Innsbruck,42.3,26.1,18.7,70.8,43.1,96.2,14360,13.3,38,54/46,Austria
301—350,Justus Liebig University Giessen,41.8,33.2,29.4,60.5,41.5,46.9,27980,46.9,9,61/39,Germany
301—350,University of Kent,41.1,22.8,22.3,68.7,32.5,89.3,17080,13.2,29,53/47,United Kingdom
301—350,Linköping University,41.8,23.9,15.3,79.6,41.7,62.1,18966,8.2,11,51/49,Sweden
301—350,University of Liège,42.1,27.1,33.3,55.4,99.4,70.3,21611,27.9,23,54/46,Belgium
301—350,Loughborough University,42.3,32.9,34.4,54.0,37.0,73.2,13677,14.9,22,38/62,United Kingdom
301—350,University of Milan,42.9,32.8,24.5,69.9,42.9,39.4,58990,27.6,5,59/41,Italy
301—350,Moscow Institute of Physics and Technology,42.5,47.7,33.1,40.8,98.7,50.0,5535,7.8,12,null,Russian Federation
301—350,Nagoya University,42.8,44.4,41.8,41.2,83.6,28.3,15619,8.0,10,29/71,Japan
301—350,University of Navarra,41.5,29.7,23.9,65.3,55.6,55.6,10584,14.1,16,52/48,Spain
301—350,University of Nebraska-Lincoln,43.3,31.2,29.1,67.2,38.5,48.0,22068,16.2,10,47/53,United States
301—350,University of Oregon,42.7,24.8,24.5,77.7,33.3,35.5,24268,19.8,13,52/48,United States
301—350,Oregon State University,43.1,29.3,28.2,69.7,36.0,46.0,23464,16.3,10,46/54,United States
301—350,University of Padua,42.5,24.5,20.4,80.6,35.5,39.0,62267,19.1,4,55/45,Italy
301—350,University of Pavia,41.8,25.3,22.1,73.6,59.3,43.3,22010,38.7,7,57/43,Italy
301—350,Royal Veterinary College,41.1,26.4,18.3,69.1,41.8,83.3,1802,10.3,18,76/24,United Kingdom
301—350,Sabancı University,41.5,24.3,32.9,61.6,77.7,46.7,2999,17.7,8,39/61,Turkey
301—350,Saint Louis University,42.8,36.0,11.9,80.4,33.9,28.9,11919,5.7,8,58/42,United States
301—350,University of Stirling,41.4,22.6,24.7,69.6,33.7,75.1,8028,15.1,20,61/39,United Kingdom
301—350,University of Strasbourg,41.0,27.2,21.3,67.8,35.7,69.6,43709,17.2,19,58/42,France
301—350,Swansea University,42.1,21.0,26.1,71.8,35.7,75.8,13048,16.5,21,48/52,United Kingdom
301—350,University of Tartu,43.6,23.6,23.1,80.9,34.5,48.4,9464,12.2,4,66/34,Estonia
301—350,University of Tasmania,42.3,22.3,29.6,66.3,51.7,77.3,14838,19.7,18,58/42,Australia
301—350,Technical University of Dortmund,41.4,35.5,29.8,57.1,48.7,41.5,30998,100.3,10,46/54,Germany
301—350,Technion Israel Institute of Technology,43.0,33.2,36.1,55.9,38.7,62.5,13926,19.8,4,35/65,Israel
301—350,Temple University,42.4,37.2,21.6,68.4,37.4,31.1,33672,13.3,6,52/48,United States
301—350,University of Turku,41.8,27.0,22.7,72.6,34.5,49.6,12167,15.9,5,62/38,Finland
301—350,University of Victoria,43.3,22.1,22.5,77.9,37.9,73.7,18028,22.0,12,57/43,Canada
301—350,Vrije Universiteit Brussel,41.7,27.3,23.7,66.7,48.3,70.0,12484,21.8,21,54/46,Belgium
301—350,York University,42.0,29.9,39.7,50.7,37.4,73.5,46565,40.8,22,58/42,Canada
351—400,Aston University,37.1,20.6,23.9,56.2,34.3,93.5,8563,16.4,32,48/52,United Kingdom
351—400,Bilkent University,38.8,23.4,19.9,68.3,39.7,51.9,9761,14.1,4,46/54,Turkey
351—400,"Binghamton University, State University of New York",38.6,24.3,20.4,68.5,35.9,40.3,16628,23.7,14,48/52,United States
351—400,University of Calabria,41.9,14.7,25.8,84.2,33.4,31.1,30219,36.4,3,59/41,Italy
351—400,University of Canterbury,38.9,23.8,26.8,56.2,40.5,89.7,11943,16.4,20,50/50,New Zealand
351—400,"City, University of London",38.6,24.1,25.9,56.2,33.3,91.0,12489,16.1,49,54/46,United Kingdom
351—400,Claude Bernard University Lyon 1,38.5,21.1,16.9,73.1,37.6,47.8,35944,17.2,8,50/50,France
351—400,University College Cork,38.7,27.7,25.7,54.1,50.6,76.0,15877,22.4,16,56/44,Ireland
351—400,University of Cyprus,39.6,19.1,25.4,66.6,34.7,75.0,7025,22.5,8,69/31,Cyprus
351—400,Drexel University,38.1,32.6,16.0,62.0,37.9,47.8,21153,11.0,18,49/51,United States
351—400,University of Eastern Finland,41.2,25.0,20.5,74.5,35.6,48.0,11098,17.7,6,63/37,Finland
351—400,Flinders University,38.6,22.3,11.3,74.9,36.5,66.1,16465,23.6,16,63/37,Australia
351—400,Graz University of Technology,37.9,28.5,15.4,60.0,67.8,71.2,6312,10.1,16,23/77,Austria
351—400,University of Guelph,37.5,26.1,33.0,48.7,46.9,55.4,21547,28.4,4,60/40,Canada
351—400,Hanyang University,37.4,35.0,35.6,35.6,81.8,51.5,21629,14.1,15,null,South Korea
351—400,Hong Kong Baptist University,37.8,23.3,13.6,67.4,32.9,79.1,11038,11.1,29,62/38,Hong Kong
351—400,University of Houston,39.9,35.4,29.4,54.3,40.6,36.8,39402,42.5,9,50/50,United States
351—400,ITMO University,39.0,27.3,17.2,67.1,72.4,40.8,11875,10.4,10,null,Russian Federation
351—400,Indian Institute of Technology Bombay,40.4,39.2,31.1,52.8,46.9,19.2,9207,16.3,1,17/83,India
351—400,Iowa State University,39.7,31.2,25.3,60.6,47.5,37.9,32951,18.7,12,46/54,United States
351—400,University of Kaiserslautern,37.8,34.7,23.2,50.3,69.2,46.3,14226,53.7,15,37/63,Germany
351—400,University of Kansas,38.7,36.7,24.5,54.5,38.3,33.7,24345,7.6,9,51/49,United States
351—400,University of Kentucky,39.4,36.6,29.3,51.4,39.0,38.2,31225,19.0,6,53/47,United States
351—400,Kyung Hee University,39.5,28.5,35.5,48.5,79.3,51.5,23692,17.3,16,47/53,South Korea
351—400,Kyushu University,38.0,41.9,35.1,35.7,70.8,31.2,18650,6.6,11,29/71,Japan
351—400,La Trobe University,37.9,26.7,29.7,49.0,45.5,78.7,22422,29.6,25,63/37,Australia
351—400,Leibniz University of Hanover,40.2,37.4,37.1,43.2,62.0,44.5,23126,61.9,12,41/59,Germany
351—400,University of Macau,36.5,21.5,22.0,53.3,46.3,98.8,8981,14.6,33,58/42,Macao
351—400,Autonomous University of Madrid,40.3,32.3,28.3,57.4,35.8,51.6,26969,12.4,16,60/40,Spain
351—400,University of Milan-Bicocca,40.7,25.5,22.7,70.8,43.9,42.2,32892,65.8,6,62/38,Italy
351—400,University of Missouri-Columbia,39.4,30.9,19.3,67.0,33.8,34.0,30535,11.3,6,53/47,United States
351—400,Montpellier University,40.0,32.7,18.1,64.6,35.9,57.7,39313,19.7,14,54/46,France
351—400,Maynooth University,39.6,25.5,24.2,61.0,37.5,77.6,7850,28.8,12,55/45,Ireland
351—400,Norwegian University of Life Sciences,38.7,25.7,13.2,68.3,37.9,78.0,5655,7.3,21,53/47,Norway
351—400,University of Oklahoma,38.9,33.5,17.9,64.1,37.3,33.6,27054,10.3,6,52/48,United States
351—400,Paris-Sorbonne University – Paris 4,38.7,48.6,38.6,27.9,32.2,54.2,21488,27.9,19,70/30,France
351—400,Plymouth University,39.6,20.0,20.4,71.9,32.5,66.6,18508,19.3,14,52/48,United Kingdom
351—400,Polytechnic University of Turin,38.8,25.8,19.0,66.8,49.4,48.5,29422,27.9,16,29/71,Italy
351—400,University of Salerno,40.1,18.2,13.1,86.7,39.2,30.8,37862,56.3,1,61/39,Italy
351—400,Swinburne University of Technology,38.3,22.9,24.0,60.3,35.5,74.5,13606,26.4,27,39/61,Australia
351—400,University of Texas at San Antonio,40.1,17.3,16.2,85.0,32.4,32.6,25870,21.4,7,48/52,United States
351—400,Toyota Technological Institute,40.0,22.2,17.0,78.6,59.0,24.1,505,11.2,3,7 /93,Japan
351—400,University of Trieste,40.7,26.1,17.9,74.9,35.7,46.0,18144,26.5,9,56/44,Italy
351—400,Tulane University,39.7,41.4,15.7,61.0,35.5,37.9,11495,11.8,11,56/44,United States
351—400,University of Turin,39.3,21.2,20.4,72.9,45.4,38.9,67678,43.7,6,63/37,Italy
351—400,Victoria University,39.6,22.5,22.1,66.9,37.2,70.8,15270,32.5,22,55/45,Australia
351—400,Victoria University of Wellington,37.6,23.3,30.2,48.4,53.6,88.6,16940,20.1,21,55/45,New Zealand
351—400,Washington State University,40.8,29.6,29.6,59.8,56.9,43.3,26439,20.1,8,51/49,United States
351—400,Wayne State University,40.7,33.0,15.7,71.9,42.2,33.3,22405,10.7,8,57/43,United States
351—400,École des Ponts ParisTech,38.9,32.9,13.8,61.2,69.7,65.9,1810,12.9,44,31/69,France
351—400,Örebro University,39.9,17.7,5.9,91.7,33.7,43.6,8698,15.9,2,61/39,Sweden
401—500,American University,37.7,40.5,21.3,51.4,37.8,30.1,11636,12.0,12,61/39,United States
401—500,Aristotle University of Thessaloniki,33.8,20.0,15.8,61.8,37.3,39.9,44433,22.3,9,58/42,Greece
401—500,Atılım University,35.5,19.0,8.1,75.3,47.9,33.2,6394,27.2,8,null,Turkey
401—500,University of Aveiro,34.7,30.2,26.2,44.5,41.5,46.5,10641,17.7,9,51/49,Portugal
401—500,Bar-Ilan University,33.3,23.5,23.0,49.0,32.8,51.5,16974,15.1,5,59/41,Israel
401—500,University of Bari Aldo Moro,35.6,26.0,17.0,61.5,40.4,33.2,49536,67.0,2,64/36,Italy
401—500,University of Bergamo,35.0,22.2,15.8,64.8,39.0,31.6,15849,49.2,6,63/37,Italy
401—500,Boğaziçi University,35.9,20.9,23.8,57.7,57.4,45.4,11555,25.6,7,50/50,Turkey
401—500,University of Brescia,35.8,15.1,14.1,74.5,38.2,37.9,14616,26.4,7,46/54,Italy
401—500,University of Campinas,36.8,44.9,39.6,28.0,46.5,24.1,26966,14.9,3,48/52,Brazil
401—500,University of Canberra,33.7,19.9,24.6,50.8,35.0,60.1,11287,31.0,28,53/47,Australia
401—500,Polytechnic University of Catalonia,33.6,27.1,17.5,51.2,41.5,51.4,21995,10.2,12,27/73,Spain
401—500,Central Queensland University,36.5,19.0,9.9,73.7,35.1,59.4,12300,26.6,28,57/43,Australia
401—500,Charles University in Prague,36.9,30.5,21.4,54.6,32.4,54.6,50992,13.3,15,61/39,Czech Republic
401—500,Chung-Ang University,32.1,36.4,31.9,23.3,63.6,49.9,12221,16.8,22,44/56,South Korea
401—500,University of Coimbra,33.4,24.1,27.2,44.6,38.2,51.3,23329,20.1,14,55/45,Portugal
401—500,Curtin University,36.0,21.0,23.5,52.1,39.5,93.8,31353,18.4,36,53/47,Australia
401—500,Cyprus University of Technology,36.1,17.1,13.1,70.3,34.0,67.0,3012,18.9,6,57/43,Cyprus
401—500,Dublin City University,35.0,26.7,26.7,42.7,46.7,78.6,8856,24.9,18,50/50,Ireland
401—500,Ewha Womans University,34.7,28.4,23.9,46.7,68.7,41.4,14989,14.2,10,10/00,South Korea
401—500,Federico Santa María Technical University,33.7,14.2,10.8,69.0,41.0,54.7,18424,28.3,2,22/78,Chile
401—500,University of Ferrara,36.2,18.8,17.2,68.4,40.3,42.8,13781,22.9,7,56/44,Italy
401—500,University of Florence,36.8,20.0,14.0,72.6,38.1,40.4,53378,18.3,7,60/40,Italy
401—500,Florida International University,35.0,25.4,20.1,57.7,35.2,35.3,33983,25.8,7,56/44,United States
401—500,University of Genoa,37.4,27.7,16.7,64.3,45.2,40.2,35777,29.2,9,56/44,Italy
401—500,Georgia State University,37.4,28.1,23.7,60.2,32.3,30.5,28788,19.2,5,58/42,United States
401—500,University of Graz,34.6,23.1,17.0,56.2,33.2,69.5,20770,23.6,12,65/35,Austria
401—500,University of Greifswald,37.8,30.3,19.7,60.6,37.7,43.8,8628,17.0,5,54/46,Germany
401—500,Hasselt University,36.8,21.7,20.9,61.6,49.7,55.2,4913,16.8,10,46/54,Belgium
401—500,Heriot-Watt University,35.6,22.2,24.0,49.3,42.8,92.1,9289,16.9,42,41/59,United Kingdom
401—500,Higher School of Economics,35.2,31.4,26.6,46.6,40.3,32.2,16170,9.1,5,null,Russian Federation
401—500,Hokkaido University,36.4,42.2,36.2,30.9,55.0,29.8,18055,8.1,9,29/71,Japan
401—500,Huazhong University of Science and Technology,33.6,31.0,24.7,43.6,68.0,19.9,56211,17.1,4,35/65,China
401—500,Indian Institute of Technology Delhi,36.3,37.5,23.9,47.0,71.7,15.9,6926,13.8,1,19/81,India
401—500,Indian Institute of Technology Kanpur,33.1,34.6,22.9,38.4,98.8,17.9,6513,16.7,1,14/86,India
401—500,Indian Institute of Technology Madras,34.5,38.3,22.3,41.2,81.1,17.5,8692,15.5,1,19/81,India
401—500,Johannes Kepler University of Linz,32.4,25.3,15.5,49.9,41.2,58.0,6652,11.7,9,51/49,Austria
401—500,University of Jyväskylä,33.8,27.7,13.9,55.4,35.4,48.2,9591,15.4,5,62/38,Finland
401—500,Kazan Federal University,34.3,25.2,14.3,61.2,42.5,30.4,24028,10.9,9,71/29,Russian Federation
401—500,Keele University,33.5,18.3,20.4,53.6,33.2,73.6,8302,14.9,22,56/44,United Kingdom
401—500,Kent State University,35.3,22.3,17.1,64.6,32.4,34.3,23059,18.6,8,59/41,United States
401—500,King Fahd University of Petroleum and Minerals,32.2,28.7,16.8,36.7,92.8,86.8,6617,6.8,21,00:100,Saudi Arabia
401—500,Lehigh University,36.5,24.9,18.5,63.2,38.0,39.1,6400,11.3,16,44/56,United States
401—500,University of Lille,33.6,19.3,18.8,56.9,37.4,55.4,67189,27.5,12,56/44,France
401—500,Lincoln University,35.4,25.5,20.8,49.6,41.7,86.0,2985,14.0,23,47/53,New Zealand
401—500,University of Lisbon,37.6,26.3,24.0,59.0,37.8,47.6,47756,17.8,10,52/48,Portugal
401—500,Makerere University,37.3,15.1,11.8,78.0,36.7,58.3,37423,29.2,9,51/49,Uganda
401—500,University of Manitoba,37.0,28.7,26.3,53.4,40.6,42.2,29111,28.0,13,55/45,Canada
401—500,Marche Polytechnic University,38.7,21.2,7.2,85.8,37.5,28.1,16830,23.6,4,46/54,Italy
401—500,"University of Maryland, Baltimore County",33.4,21.3,18.7,58.8,33.4,29.6,13979,17.8,8,46/54,United States
401—500,Massey University,32.3,22.5,19.6,43.3,39.1,92.2,18681,16.1,28,61/39,New Zealand
401—500,University of Modena and Reggio Emilia,35.4,16.2,10.2,76.2,36.0,36.0,20141,26.4,6,54/46,Italy
401—500,University of Montana,38.2,34.4,15.4,64.8,36.0,25.4,10304,17.6,4,55/45,United States
401—500,Murdoch University,36.6,17.9,23.5,57.3,42.8,90.7,16391,33.2,45,59/41,Australia
401—500,University of Nantes,34.1,17.3,15.5,64.9,35.5,45.4,34714,22.8,11,55/45,France
401—500,University of Naples Federico II,37.1,21.6,12.4,76.3,40.1,22.2,82500,61.2,0,56/44,Italy
401—500,National Cheng Kung University (NCKU),34.0,30.4,38.0,29.2,99.4,29.9,21157,14.3,11,36/64,Taiwan
401—500,National Chiao Tung University,37.3,33.0,40.2,35.3,89.3,33.4,12609,17.1,6,27/73,Taiwan
401—500,National Research Nuclear University MEPhI,37.5,38.0,27.2,41.9,99.7,35.9,7297,9.8,10,29/71,Russian Federation
401—500,National Taiwan University of Science and Technology (Taiwan Tech),37.1,30.1,40.5,38.5,70.1,32.3,8070,19.0,11,31/69,Taiwan
401—500,University of Neuchâtel,33.2,24.9,17.6,46.1,34.0,91.4,4208,8.8,22,60/40,Switzerland
401—500,New Mexico State University,34.1,19.8,21.0,59.3,36.9,33.0,14479,17.8,7,53/47,United States
401—500,University of Nice Sophia Antipolis,32.6,21.9,8.0,58.1,32.5,79.2,28218,20.7,21,56/44,France
401—500,Northern Arizona University,38.0,18.8,11.2,82.7,32.6,26.9,23167,24.8,5,66/34,United States
401—500,Novosibirsk State University,35.1,43.2,28.3,33.6,36.3,36.0,7125,6.7,14,50/50,Russian Federation
401—500,The Open University,32.9,18.8,15.8,58.8,32.6,51.7,70859,33.9,8,61/39,United Kingdom
401—500,Oxford Brookes University,32.6,27.7,25.3,37.8,32.3,71.5,12928,17.5,27,57/43,United Kingdom
401—500,Panthéon-Sorbonne University – Paris 1,32.3,48.0,40.6,7.3,32.4,50.3,40121,32.8,20,60/40,France
401—500,University of Pisa,38.1,20.4,18.5,73.3,36.5,34.3,50937,19.8,5,52/48,Italy
401—500,Pontifical Catholic University of Chile,32.3,27.5,23.0,41.8,35.7,53.2,26188,15.6,7,null,Chile
401—500,University of Porto,33.4,28.6,26.2,42.3,39.9,45.3,31753,18.6,9,54/46,Portugal
401—500,University of Portsmouth,34.0,16.7,13.2,61.8,32.6,82.4,18949,16.4,25,45/55,United Kingdom
401—500,Université du Québec à Montréal,34.8,23.9,20.7,54.3,32.4,58.5,28830,26.1,19,61/39,Canada
401—500,RMIT University,35.8,23.0,20.7,53.6,40.0,85.6,30795,17.3,26,47/53,Australia
401—500,Renmin University of China,33.5,42.5,19.4,35.4,43.2,46.0,24859,11.7,6,null,China
401—500,University of Rome II – Tor Vergata,36.0,25.5,15.3,64.2,38.9,37.9,31393,18.4,6,51/49,Italy
401—500,University of Rome III,37.9,23.4,20.6,67.5,37.6,37.2,35290,59.0,4,59/41,Italy
401—500,University of Rovira i Virgili,37.8,21.5,15.8,72.1,35.2,45.5,12637,13.0,10,60/40,Spain
401—500,Saint Petersburg State University,37.3,48.4,30.7,34.0,33.3,34.0,21924,5.5,7,64/36,Russian Federation
401—500,University of Salento,34.6,25.0,11.8,65.6,37.6,25.2,19983,58.8,1,64/36,Italy
401—500,San Diego State University,38.0,20.9,28.8,64.4,33.2,27.3,28358,31.8,6,56/44,United States
401—500,University of Saskatchewan,36.8,34.2,25.0,43.5,69.0,64.4,19154,17.9,15,57/43,Canada
401—500,University of Siegen,37.1,22.2,24.0,60.8,40.7,50.1,19139,54.4,11,50/50,Germany
401—500,"Soas, University of London",32.9,32.9,29.4,29.7,32.2,76.0,4756,11.5,54,63/37,United Kingdom
401—500,University of St Gallen,35.0,27.2,14.8,50.9,42.8,96.5,7175,11.3,34,33/67,Switzerland
401—500,Stellenbosch University,36.6,28.6,24.8,53.0,32.1,50.3,22478,23.9,8,53/47,South Africa
401—500,Stevens Institute of Technology,33.7,21.8,18.3,52.2,33.7,77.3,5999,18.3,34,29/71,United States
401—500,University of Strathclyde,33.3,24.2,31.2,36.2,46.6,75.1,15770,19.8,22,49/51,United Kingdom
401—500,Sun Yat-sen University,37.6,35.3,26.3,50.0,54.1,29.6,51866,16.9,8,51/49,China
401—500,Tokyo Medical and Dental University (TMDU),36.6,39.4,19.5,50.1,58.2,23.2,2906,3.2,7,50/50,Japan
401—500,Tokyo Metropolitan University,35.0,22.6,13.4,68.5,34.0,21.4,9294,9.6,4,35/65,Japan
401—500,University of Tsukuba,36.2,40.1,32.7,35.1,42.4,37.1,16271,12.6,17,38/62,Japan
401—500,UiT The Arctic University of Norway,37.1,22.7,17.0,64.3,36.9,67.3,12180,12.0,12,60/40,Norway
401—500,Verona University,37.9,23.1,13.4,73.4,42.1,40.9,24390,18.7,6,64/36,Italy
401—500,University of Waikato,34.6,20.9,23.2,49.5,34.7,87.8,9904,16.8,26,57/43,New Zealand
401—500,Western Sydney University,36.3,17.9,24.4,57.9,35.6,77.5,30734,28.6,13,57/43,Australia
401—500,Wuhan University,35.0,40.9,30.2,29.2,91.1,37.5,49152,14.0,7,null,China
401—500,Xiamen University,33.6,26.7,21.6,54.2,7.7,25.5,42210,15.6,4,49/51,China
401—500,École Normale Supérieure de Cachan,33.7,32.1,9.6,54.0,44.0,50.7,1505,9.6,7,26/74,France
501—600,American University of Beirut,30.2,28.5,12.8,38.4,38.5,88.1,7836,8.8,23,52/48,Lebanon
501—600,"University of the Andes, Colombia",30.7,19.9,14.9,50.0,49.4,55.5,16880,17.5,2,44/56,Colombia
501—600,University of Arkansas,28.2,24.4,19.2,39.2,39.1,27.9,23545,20.3,5,51/49,United States
501—600,Athens University of Economics and Business,27.7,16.9,20.5,41.2,37.9,43.1,11659,48.0,6,44/56,Greece
501—600,Auckland University of Technology,29.6,17.8,12.5,45.9,33.9,94.8,17627,16.9,39,59/41,New Zealand
501—600,University of the Basque Country,29.6,20.9,14.3,50.2,34.7,37.9,44806,14.8,6,52/48,Spain
501—600,Ben-Gurion University of the Negev,29.7,23.8,27.5,35.5,42.9,34.5,16477,20.1,3,51/49,Israel
501—600,Bond University,29.4,18.7,21.2,37.1,36.3,89.5,3201,13.6,35,53/47,Australia
501—600,Université Bourgogne Franche-Comté (UBFC),31.8,21.5,11.7,56.6,34.5,51.6,54487,26.2,11,53/47,France
501—600,University of Cagliari,30.4,19.0,12.2,56.6,35.2,34.5,29743,30.5,2,62/38,Italy
501—600,Carleton University,28.6,19.5,25.6,33.9,33.9,63.6,25795,30.4,19,48/52,Canada
501—600,University of Catania,32.9,15.3,12.9,68.3,34.6,26.8,53120,33.9,1,61/39,Italy
501—600,Catholic University of the Sacred Heart,29.0,18.0,7.6,56.4,40.3,39.1,30263,18.9,8,null,Italy
501—600,Ca’ Foscari University of Venice,32.0,21.1,25.9,46.1,35.3,41.2,20478,41.9,7,65/35,Italy
501—600,University of Chile,28.3,25.4,18.4,36.9,32.1,46.7,38079,17.4,4,47/53,Chile
501—600,China Agricultural University,28.4,33.9,21.8,29.4,47.8,18.6,18945,11.7,2,58/42,China
501—600,"China Medical University, Taiwan",32.3,24.0,24.4,45.2,69.6,27.0,7810,16.4,9,53/47,Taiwan
501—600,Complutense University of Madrid,32.2,30.7,27.1,36.7,36.0,40.1,63925,20.3,12,62/38,Spain
501—600,Concordia University,31.3,19.2,24.7,40.9,34.4,79.2,31440,30.6,27,50/50,Canada
501—600,Creighton University,32.5,42.3,9.7,45.1,35.7,27.8,7127,9.8,9,57/43,United States
501—600,East China Normal University,32.2,27.4,18.7,46.7,45.1,41.6,28674,13.4,11,64/36,China
501—600,East China University of Science and Technology,31.0,22.5,15.2,51.9,60.7,25.6,23869,13.3,5,38/62,China
501—600,Edith Cowan University,30.3,17.9,19.1,45.7,36.5,68.5,16540,35.8,17,61/39,Australia
501—600,University of Granada,29.6,21.9,16.8,46.3,33.2,43.1,59530,17.6,9,58/42,Spain
501—600,Harbin Institute of Technology,29.4,31.1,27.7,24.4,97.7,27.9,31580,10.6,8,29/71,China
501—600,University of Hertfordshire,31.2,15.9,11.5,56.2,33.0,77.5,17552,17.0,27,53/47,United Kingdom
501—600,Hiroshima University,28.9,30.0,14.0,41.2,45.4,24.0,14639,8.2,6,36/64,Japan
501—600,University of Hull,31.8,19.9,20.8,46.4,34.2,73.3,14518,18.0,20,52/48,United Kingdom
501—600,Indian Institute of Technology Kharagpur,31.6,31.0,19.4,44.5,49.5,16.0,10586,17.6,0,16/84,India
501—600,Indian Institute of Technology Roorkee,33.1,26.9,15.8,55.1,64.3,15.2,8134,14.2,1,17/83,India
501—600,University of Ioannina,32.7,14.3,14.8,64.8,35.5,40.3,21266,39.3,4,57/43,Greece
501—600,Iran University of Science and Technology,29.6,23.2,23.7,41.8,50.7,13.9,12236,28.2,0,29/71,Iran
501—600,Istanbul Technical University,28.8,24.0,24.6,32.4,100.0,24.8,34649,16.6,5,33/67,Turkey
501—600,Jadavpur University,28.2,32.1,15.4,37.6,39.1,14.1,11017,16.7,0,32/68,India
501—600,Kansas State University,29.4,25.0,17.9,40.7,44.4,43.9,21472,14.3,10,49/51,United States
501—600,"Khalifa University of Science, Technology and Research",31.0,24.9,12.1,43.2,45.8,93.3,1047,8.7,22,49/51,United Arab Emirates
501—600,King Saud University,31.1,24.0,27.9,28.7,96.4,76.0,40404,13.4,7,null,Saudi Arabia
501—600,University of KwaZulu-Natal,31.9,21.5,25.3,42.9,39.5,59.4,32074,25.9,5,59/41,South Africa
501—600,Lappeenranta University of Technology,30.1,28.4,26.3,28.7,61.5,55.9,3576,23.0,20,31/69,Finland
501—600,University of Limerick,30.7,18.5,19.0,44.3,36.0,82.6,13250,20.8,17,47/53,Ireland
501—600,Liverpool John Moores University,31.3,16.1,13.3,56.7,32.7,65.0,18198,18.4,14,53/47,United Kingdom
501—600,Louisiana State University,31.4,31.1,20.2,42.1,32.1,29.7,28541,19.9,5,52/48,United States
501—600,Mahidol University,28.2,29.4,13.4,36.8,50.8,42.9,28665,7.7,3,63/37,Thailand
501—600,University of Maribor,28.1,16.0,13.1,51.2,39.6,35.5,13956,16.5,3,null,Slovenia
501—600,Memorial University of Newfoundland,30.4,18.8,16.8,50.9,52.1,37.9,15403,15.7,13,57/43,Canada
501—600,Middlesex University,27.4,18.5,13.2,39.5,32.2,84.9,16033,20.4,44,60/40,United Kingdom
501—600,University of Minho,29.6,22.2,22.1,39.2,50.3,46.3,18475,18.4,10,54/46,Portugal
501—600,Missouri University of Science and Technology,28.9,20.0,24.7,34.0,45.4,65.3,7884,23.0,17,23/77,United States
501—600,Montana State University,32.6,18.7,20.7,56.7,43.3,26.2,13360,18.6,5,45/55,United States
501—600,Monterrey Institute of Technology and Higher Education,30.1,25.0,16.6,36.5,93.5,67.6,14168,20.0,15,39/61,Mexico
501—600,National Autonomous University of Mexico,30.1,36.8,33.0,17.8,60.2,37.2,139544,11.9,5,51/49,Mexico
501—600,National Institute of Applied Sciences of Lyon (INSA Lyon),31.2,27.3,11.9,43.0,66.7,76.4,6215,8.6,30,32/68,France
501—600,National Taiwan Normal University,27.7,28.2,31.1,17.6,78.3,44.4,10752,12.9,23,56/44,Taiwan
501—600,National Yang-Ming University,28.2,31.5,15.8,37.7,35.5,17.1,4363,5.2,2,48/52,Taiwan
501—600,National and Kapodistrian University of Athens,31.3,27.0,16.4,46.8,38.0,43.0,61985,32.2,9,61/39,Greece
501—600,University of Nebraska Medical Center,29.2,36.4,12.9,35.8,37.1,36.8,2847,2.5,8,66/34,United States
501—600,New Jersey Institute of Technology,31.2,21.3,17.8,47.9,47.6,55.1,9743,18.0,21,24/76,United States
501—600,NOVA University of Lisbon,32.0,23.7,21.7,45.2,42.3,52.0,19425,18.5,12,49/51,Portugal
501—600,Oklahoma State University,31.2,26.4,24.7,41.7,36.3,27.2,21252,21.4,7,49/51,United States
501—600,Old Dominion University,30.9,23.1,17.7,53.2,1.7,27.5,20131,20.2,3,54/46,United States
501—600,Otto von Guericke University of Magdeburg,27.7,23.0,14.2,40.3,41.1,49.2,14104,11.7,13,42/58,Germany
501—600,University of Paderborn,28.5,23.6,22.3,35.9,41.4,40.6,19621,48.1,9,null,Germany
501—600,University of Palermo,33.6,17.8,11.1,70.5,34.2,24.1,46200,24.7,1,59/41,Italy
501—600,University of Parma,32.1,15.1,19.8,58.2,37.2,36.4,26159,30.1,6,56/44,Italy
501—600,Pontifical Javeriana University,30.9,15.8,8.0,63.7,32.8,44.0,22794,17.3,1,52/48,Colombia
501—600,Pusan National University,28.1,27.8,27.1,25.6,63.8,33.9,24882,19.8,12,51/49,South Korea
501—600,Qatar University,30.5,16.2,16.3,45.2,41.8,99.9,11844,18.7,43,72/28,Qatar
501—600,University of Regina,27.8,16.5,11.9,48.8,34.8,50.9,11821,23.4,14,61/39,Canada
501—600,University of Rennes 1,32.1,22.3,17.0,50.7,41.6,54.9,26171,29.8,14,51/49,France
501—600,Roskilde University,30.1,17.9,28.3,39.9,35.6,47.1,6023,14.6,8,62/38,Denmark
501—600,Sejong University,28.9,21.5,15.7,47.4,35.6,29.8,11622,16.4,4,45/55,South Korea
501—600,Semmelweis University,31.8,24.0,12.8,50.2,34.5,71.3,12592,10.7,25,64/36,Hungary
501—600,Sharif University of Technology,31.0,25.1,27.4,37.6,85.3,17.9,11177,18.4,0,26/74,Iran
501—600,Université de Sherbrooke,29.2,22.2,13.3,45.8,34.7,56.2,14367,12.3,8,55/45,Canada
501—600,University of Siena,30.3,20.7,13.8,52.2,34.7,42.4,18244,14.4,8,59/41,Italy
501—600,Sogang University,28.9,24.9,27.5,32.7,48.4,26.0,10494,23.9,5,42/58,South Korea
501—600,Soochow University,32.4,19.7,15.8,58.8,68.1,18.3,43366,15.1,2,53/47,China
501—600,Southeast University,30.1,27.2,30.4,28.9,92.7,22.0,31983,11.7,4,null,China
501—600,Southern Cross University,30.9,16.9,23.1,47.1,38.6,52.6,9143,35.4,15,65/35,Australia
501—600,State University of New York Albany,31.3,23.5,22.8,45.8,32.7,34.4,15363,16.0,8,52/48,United States
501—600,University of the Sunshine Coast,29.1,15.2,17.9,47.1,33.5,60.0,7512,28.5,16,64/36,Australia
501—600,Tampere University of Technology,30.2,23.0,14.9,44.3,64.6,56.1,5696,15.3,13,23/77,Finland
501—600,University of Texas at Arlington,29.7,20.0,17.4,48.3,40.7,36.3,26833,24.1,11,58/42,United States
501—600,Tianjin University,29.0,32.6,29.2,21.9,99.3,16.5,30103,12.1,1,null,China
501—600,University of Toledo,28.0,32.8,14.1,33.6,44.3,38.8,18916,16.5,10,50/50,United States
501—600,Tomsk Polytechnic University,31.8,31.3,16.2,43.2,59.1,40.6,10980,6.5,20,38/62,Russian Federation
501—600,Tomsk State University,27.2,38.2,22.7,15.4,61.8,48.0,8565,8.3,18,58/42,Russian Federation
501—600,Tongji University,32.0,32.4,35.2,22.3,98.7,39.2,36432,13.6,12,38/62,China
501—600,University of Tulsa,32.2,33.6,15.3,41.9,66.6,44.6,4682,12.4,26,43/57,United States
501—600,University of Ulsan,33.5,19.4,18.8,60.8,54.7,18.7,14841,13.6,2,45/55,South Korea
501—600,Ulster University,30.6,18.7,15.3,49.5,33.1,70.7,17660,14.0,7,56/44,United Kingdom
501—600,United Arab Emirates University,30.2,24.0,16.0,38.7,33.2,95.4,7101,8.8,27,77/23,United Arab Emirates
501—600,University of Urbino Carlo Bo,28.7,14.1,7.9,59.5,35.0,37.7,13381,33.8,7,61/39,Italy
501—600,University of Valencia,31.1,20.9,18.4,50.5,34.4,41.7,52339,16.4,9,60/40,Spain
501—600,Polytechnic University of Valencia,31.5,22.1,24.8,43.9,44.3,41.9,25288,10.6,11,38/62,Spain
501—600,University of Warsaw,30.2,25.0,16.5,45.2,32.7,44.2,47940,13.7,7,67/33,Poland
501—600,Warsaw University of Technology,29.7,18.4,9.9,59.0,36.7,21.5,34708,14.6,3,34/66,Poland
501—600,University of Wisconsin-Milwaukee,31.4,21.1,17.8,53.6,34.0,28.2,22442,18.2,6,52/48,United States
501—600,Xi’an Jiaotong University,31.9,35.3,26.3,32.9,54.9,26.2,31851,11.0,4,33/67,China
501—600,University of Zaragoza,28.7,20.3,12.5,49.7,38.6,35.1,30733,11.7,5,55/45,Spain
601—800,University of A Coruña,18.5,17.6,10.9,23.7,35.5,27.3,16598,12.7,2,51/49,Spain
601—800,AGH University of Science and Technology,23.1,16.1,11.0,40.3,36.6,19.4,33244,15.1,2,36/64,Poland
601—800,Ajou University,21.4,20.8,12.4,28.1,48.4,22.2,11724,9.7,4,35/65,South Korea
601—800,University of Alcalá,23.5,19.6,11.5,31.8,42.2,55.8,16820,12.5,20,58/42,Spain
601—800,Alfaisal University,23.5,16.9,7.3,32.2,37.4,96.0,1473,12.3,33,36/64,Saudi Arabia
601—800,Aligarh Muslim University,22.5,25.7,9.5,30.5,36.2,21.9,15627,12.3,2,29/71,India
601—800,American University of Sharjah,18.6,16.3,12.3,13.6,33.2,95.3,5545,15.0,84,48/52,United Arab Emirates
601—800,American University in Cairo,19.7,24.8,8.7,16.4,33.2,69.4,5875,13.9,6,53/47,Egypt
601—800,Amirkabir University of Technology,26.3,22.7,18.9,35.5,59.9,15.4,12468,22.8,1,35/65,Iran
601—800,University of Antioquia,18.0,16.5,18.5,13.9,43.3,38.8,39516,24.4,0,50/50,Colombia
601—800,"Asia University, Taiwan",19.5,13.5,18.4,24.1,45.1,19.6,12330,26.5,2,54/46,Taiwan
601—800,Auburn University,25.4,31.7,18.3,24.2,40.0,30.9,22282,17.6,5,50/50,United States
601—800,Austral University of Chile,17.9,16.6,9.8,20.0,43.8,47.4,14061,17.1,2,49/51,Chile
601—800,Australian Catholic University,27.0,14.9,17.7,44.2,35.4,40.3,21123,31.1,10,72/28,Australia
601—800,Babeş-Bolyai University,23.4,25.2,11.5,29.9,32.7,38.1,37128,23.0,2,62/38,Romania
601—800,Bauman Moscow State Technical University,19.2,35.9,18.3,3.1,44.0,17.4,18357,3.7,5,23/77,Russian Federation
601—800,University of Bedfordshire,19.3,14.9,10.0,22.6,32.8,73.1,12959,19.1,33,58/42,United Kingdom
601—800,Beijing Institute of Technology,23.6,30.0,24.7,13.0,78.4,19.2,27603,12.7,6,34/66,China
601—800,University of Beira Interior,25.8,18.5,12.7,42.4,32.6,37.7,6930,15.4,7,52/48,Portugal
601—800,"Birla Institute of Technology and Science, Pilani",21.6,16.9,7.5,38.9,33.1,15.5,12292,17.5,0,19/81,India
601—800,Bournemouth University,24.5,17.0,14.9,32.4,32.4,72.7,11692,17.4,18,57/43,United Kingdom
601—800,University of Bradford,22.9,17.9,14.4,25.9,36.0,78.2,10296,18.9,29,54/46,United Kingdom
601—800,University of Brighton,24.7,15.8,12.3,37.4,33.5,64.7,15573,17.1,21,58/42,United Kingdom
601—800,Brno University of Technology,21.7,17.6,12.0,30.1,38.8,40.4,22985,20.5,17,28/72,Czech Republic
601—800,Budapest University of Technology and Economics,21.9,15.8,13.6,32.2,45.8,28.5,20584,21.6,3,31/69,Hungary
601—800,COMSATS University Islamabad,24.8,16.7,7.1,45.2,32.1,43.5,28626,10.6,0,23/77,Pakistan
601—800,University of Calcutta,20.0,32.6,11.1,16.6,33.5,14.0,18883,34.1,0,50/50,India
601—800,Capital Medical University,21.0,27.1,18.2,17.1,34.2,19.1,12080,7.3,3,70/30,China
601—800,University of Castilla-La Mancha,22.1,16.8,10.8,35.3,34.3,30.5,25646,15.5,4,56/44,Spain
601—800,University of Central Lancashire,22.3,15.4,11.1,33.0,32.7,55.7,17703,16.8,16,57/43,United Kingdom
601—800,Chang Gung University,25.5,21.3,25.1,30.3,36.4,17.1,7504,12.6,1,43/57,Taiwan
601—800,Carlos III University of Madrid,25.4,24.7,15.9,29.6,37.2,53.1,15787,10.9,14,43/57,Spain
601—800,"University of Chemistry and Technology, Prague",20.4,24.1,7.2,23.4,39.0,48.6,4525,10.6,19,63/37,Czech Republic
601—800,Chiang Mai University,21.3,18.6,11.5,29.7,35.9,33.7,37084,16.8,1,45/55,Thailand
601—800,Chiba University,26.2,27.6,16.3,32.7,51.7,23.1,14085,10.2,5,37/63,Japan
601—800,"China University of Geosciences, Wuhan",25.7,20.0,20.3,35.3,50.2,18.3,29098,20.1,3,null,China
601—800,"China University of Petroleum, Beijing",21.2,24.3,25.5,8.8,100.0,18.3,14997,20.2,6,null,China
601—800,Chonbuk National University,20.8,19.2,14.9,25.6,36.1,27.7,23596,15.1,3,44/56,South Korea
601—800,Chonnam National University,21.4,17.5,13.4,31.1,35.6,22.5,35577,19.3,3,33/67,South Korea
601—800,Chulalongkorn University,22.1,26.6,16.8,19.0,50.2,33.0,38368,14.7,3,59/41,Thailand
601—800,Chung Yuan Christian University,19.3,14.9,23.2,17.7,43.2,21.5,15187,30.3,5,41/59,Taiwan
601—800,Clemson University,27.1,23.5,22.0,33.0,38.8,35.6,19743,17.0,7,46/54,United States
601—800,Comenius University in Bratislava,21.1,21.9,11.7,24.0,32.4,47.9,22683,11.4,10,64/36,Slovakia
601—800,University of Concepción,19.0,15.5,13.0,20.8,56.4,46.2,26253,17.6,1,50/50,Chile
601—800,Coventry University,21.5,17.0,9.2,27.7,32.6,76.1,21285,13.9,41,48/52,United Kingdom
601—800,Czech Technical University in Prague,26.8,18.9,20.8,36.4,38.5,42.4,22015,13.6,15,30/70,Czech Republic
601—800,Dalian University of Technology,25.2,21.8,20.1,29.3,81.5,21.0,36595,15.5,2,34/66,China
601—800,De Montfort University,24.8,16.3,12.4,37.7,32.8,62.1,16081,18.8,23,58/42,United Kingdom
601—800,University of Delhi,25.6,39.0,17.3,21.9,32.1,15.9,22494,20.4,1,49/51,India
601—800,Diego Portales University,26.3,11.8,8.5,52.2,32.8,48.6,15868,14.2,2,48/52,Chile
601—800,Dublin Institute of Technology,21.1,15.0,10.4,27.7,32.1,72.6,14215,19.6,24,40/60,Ireland
601—800,University of East London,17.9,18.8,12.8,11.7,32.2,76.7,13184,23.3,33,60/40,United Kingdom
601—800,Eastern Mediterranean University,18.5,13.3,7.7,24.1,32.8,71.5,16053,31.5,34,37/63,Northern Cyprus
601—800,Edinburgh Napier University,19.7,14.2,10.6,23.6,35.1,73.6,10644,20.4,31,56/44,United Kingdom
601—800,Ehime University,24.2,24.3,29.5,18.2,37.5,24.5,9597,11.3,3,37/63,Japan
601—800,Eötvös Loránd University,24.2,20.7,11.8,34.8,32.9,46.5,24868,15.7,7,63/37,Hungary
601—800,Federal University of ABC (UFABC),21.7,14.9,12.8,33.4,36.4,31.9,11423,20.8,1,null,Brazil
601—800,Federal University of Minas Gerais,23.7,30.6,14.3,25.5,33.6,22.7,42240,14.1,1,55/45,Brazil
601—800,Federal University of Paraná (UFPR),18.7,24.3,23.9,8.0,32.1,17.2,23673,11.3,1,54/46,Brazil
601—800,Federal University of Rio Grande do Sul,22.2,31.0,10.8,23.9,32.1,21.5,38897,14.1,1,51/49,Brazil
601—800,Federal University of Rio de Janeiro,23.0,31.1,15.7,20.1,41.7,27.9,53377,12.9,2,54/46,Brazil
601—800,Federal University of Santa Catarina,20.4,25.3,12.4,20.1,54.0,24.4,33360,14.3,3,44/56,Brazil
601—800,Federal University of São Paulo (UNIFESP),27.6,37.5,19.1,26.8,32.1,22.3,12525,8.4,1,62/38,Brazil
601—800,Feng Chia University,23.1,14.8,15.6,36.0,38.0,26.0,20848,24.6,9,37/63,Taiwan
601—800,Florida Institute of Technology,25.0,25.5,13.4,28.8,36.6,60.6,4715,14.0,30,33/67,United States
601—800,University of La Frontera,18.1,14.3,10.2,22.8,53.0,40.9,9731,24.9,1,44/56,Chile
601—800,University of Ghana,21.9,16.1,24.7,19.5,34.8,49.5,37804,31.7,2,44/56,Ghana
601—800,Glasgow Caledonian University,25.0,18.0,10.7,38.8,33.2,59.3,13733,21.8,18,59/41,United Kingdom
601—800,University of Greenwich,24.6,15.4,11.2,35.9,33.4,82.9,15209,19.6,34,54/46,United Kingdom
601—800,Hacettepe University,23.0,20.3,10.5,36.5,32.6,21.9,38109,18.2,5,57/43,Turkey
601—800,University of Haifa,25.7,22.2,24.7,27.7,33.7,35.3,17871,30.1,1,65/35,Israel
601—800,Hofstra University,20.5,35.8,4.8,18.9,32.1,26.6,9920,14.2,10,55/45,United States
601—800,University of Huddersfield,21.2,18.3,12.6,24.5,32.9,63.6,15033,18.1,26,55/45,United Kingdom
601—800,Hunan University,23.4,17.0,17.0,34.8,45.2,16.2,43684,24.5,2,45/55,China
601—800,ISCTE-University Institute of Lisbon,22.5,24.8,23.2,15.2,36.9,45.2,8926,26.7,11,50/50,Portugal
601—800,Indian Institute of Technology Guwahati,28.3,26.6,16.6,42.1,35.4,14.6,4959,13.3,1,15/85,India
601—800,Inha University,22.7,21.3,19.8,23.3,59.9,25.2,20190,24.0,3,37/63,South Korea
601—800,Isfahan University of Technology,27.5,19.5,20.0,38.4,89.8,18.9,9182,19.5,1,40/60,Iran
601—800,Istanbul University,20.1,22.5,23.6,11.8,52.4,22.2,90614,43.8,6,49/51,Turkey
601—800,Jagiellonian University,26.5,23.8,14.7,38.1,33.6,34.6,41788,11.8,6,68/32,Poland
601—800,University of Jaén,25.8,13.7,10.9,50.1,34.2,25.9,16665,20.1,3,54/46,Spain
601—800,Jikei University School of Medicine,19.5,32.4,10.9,15.2,35.3,13.9,1053,2.4,0,44/56,Japan
601—800,Jilin University,22.2,28.1,15.9,20.5,42.2,25.2,66668,13.8,3,46/54,China
601—800,University of Johannesburg,21.3,16.7,18.4,23.5,37.4,43.2,38156,31.5,4,55/45,South Africa
601—800,Jordan University of Science and Technology,25.7,10.4,7.6,50.2,33.2,62.4,24889,21.5,20,56/44,Jordan
601—800,Juntendo University,23.5,34.5,11.3,23.5,49.1,18.3,4054,3.7,1,51/49,Japan
601—800,K.N. Toosi University of Technology,20.5,18.9,13.2,28.0,43.0,14.3,7050,17.4,0,32/68,Iran
601—800,Kanazawa University,26.8,27.5,16.0,36.6,34.2,20.3,10500,10.3,5,36/64,Japan
601—800,Kaohsiung Medical University,21.9,20.5,18.5,25.4,35.2,22.1,6981,12.0,5,56/44,Taiwan
601—800,Universiti Kebangsaan Malaysia,20.9,30.6,18.6,11.1,34.0,33.8,20427,11.8,10,66/34,Malaysia
601—800,Keio University,27.5,30.3,20.7,30.5,40.9,25.9,34594,11.0,6,34/66,Japan
601—800,King Juan Carlos University,21.6,14.8,9.5,35.3,35.0,39.2,33335,26.6,10,57/43,Spain
601—800,King Mongkut’s University of Technology Thonburi,25.5,16.6,11.4,42.1,80.3,28.8,16801,22.8,1,57/43,Thailand
601—800,Kingston University,23.0,16.6,14.2,27.5,32.7,79.7,18254,21.7,35,55/45,United Kingdom
601—800,Kindai University,20.6,18.8,8.3,33.0,35.6,17.9,32010,12.4,2,29/71,Japan
601—800,Kobe University,24.9,29.3,19.2,25.3,41.5,22.7,15779,8.1,6,34/66,Japan
601—800,Kochi University,25.0,20.0,9.4,42.7,39.6,25.9,5608,9.1,1,46/54,Japan
601—800,Konkuk University,23.2,23.8,24.5,20.2,36.7,24.0,26890,31.5,6,48/52,South Korea
601—800,Kumamoto University,23.9,25.8,12.3,31.3,43.4,24.3,10221,7.5,5,37/63,Japan
601—800,Kuwait University,21.7,18.1,8.9,28.3,37.1,69.4,37365,23.7,13,70/30,Kuwait
601—800,Kyungpook National University,20.2,19.2,17.9,21.4,39.6,23.4,27191,18.2,4,42/58,South Korea
601—800,University of La Laguna,26.9,16.9,9.6,48.5,32.7,47.1,21497,14.6,6,58/42,Spain
601—800,Leeds Beckett University,20.1,15.7,10.8,28.4,32.6,41.5,19910,20.8,12,50/50,United Kingdom
601—800,University of Lincoln,19.6,15.8,12.1,22.6,33.3,61.2,10999,18.3,15,56/44,United Kingdom
601—800,University of Ljubljana,23.2,24.0,14.7,27.3,35.4,35.8,45607,16.8,4,60/40,Slovenia
601—800,London Metropolitan University,19.5,16.1,11.5,19.4,32.6,82.0,12475,22.4,36,61/39,United Kingdom
601—800,Manchester Metropolitan University,23.2,18.2,11.4,32.8,32.3,57.2,27326,17.5,14,57/43,United Kingdom
601—800,Masaryk University,26.4,20.8,18.1,34.3,33.5,54.3,38249,24.6,19,62/38,Czech Republic
601—800,Miami University,27.2,21.3,18.5,40.1,34.2,28.0,16659,22.3,8,53/47,United States
601—800,Middle East Technical University,27.1,27.3,19.5,31.4,58.8,27.8,26355,23.3,7,44/56,Turkey
601—800,University of Murcia,21.8,18.4,12.7,31.0,33.5,32.0,30192,15.4,5,61/39,Spain
601—800,Nagasaki University,18.6,25.1,10.8,17.9,35.0,23.7,9172,7.1,4,37/63,Japan
601—800,Nagoya City University,23.6,26.1,12.2,31.2,41.5,18.4,4313,8.0,2,52/48,Japan
601—800,Nagoya Institute of Technology,19.5,19.1,18.7,18.5,48.0,19.7,5763,16.8,4,13/87,Japan
601—800,Nanjing Agricultural University,25.8,22.8,15.2,38.6,42.9,16.4,25828,16.3,1,null,China
601—800,Nanjing Medical University,27.5,27.2,22.9,33.0,33.2,18.2,12013,9.0,4,null,China
601—800,Nanjing Normal University,21.0,17.9,9.0,33.8,46.9,15.7,26588,14.7,3,68/32,China
601—800,National Central University,25.0,26.6,23.6,21.3,65.8,28.4,10826,9.6,7,34/66,Taiwan
601—800,National Chung Cheng University,20.0,19.6,21.6,17.5,39.7,18.5,10129,19.4,4,44/56,Taiwan
601—800,National Chung Hsing University,20.5,18.8,15.4,25.5,42.1,18.5,15729,19.2,4,39/61,Taiwan
601—800,National University of Sciences and Technology,22.7,19.9,8.1,36.2,32.6,35.2,10227,8.0,3,33/67,Pakistan
601—800,National Sun Yat-Sen University,27.1,23.8,27.2,28.9,44.5,26.4,9344,17.2,5,37/63,Taiwan
601—800,National Taiwan Ocean University,20.3,16.3,18.7,23.0,51.3,21.1,8371,21.0,5,30/70,Taiwan
601—800,National Institute of Technology Rourkela,20.8,21.5,8.6,31.7,32.7,14.0,5675,19.2,3,22/78,India
601—800,Niigata University,18.5,23.7,10.6,19.1,36.1,22.2,12479,8.5,4,38/62,Japan
601—800,University of North Carolina at Greensboro,25.8,19.3,15.5,41.6,33.2,19.4,18497,22.1,3,66/34,United States
601—800,Northeast Normal University,26.4,19.0,5.1,54.2,34.0,15.0,23287,15.0,2,null,China
601—800,Northeastern University,19.1,21.0,22.0,7.8,98.6,24.8,31278,15.4,4,null,China
601—800,Northumbria University,25.6,17.6,13.2,38.4,33.0,61.2,22445,18.3,16,55/45,United Kingdom
601—800,Northwestern Polytechnical University,21.6,26.3,27.2,8.4,78.3,16.4,26345,15.5,3,25/75,China
601—800,Nottingham Trent University,22.0,16.1,10.6,32.2,32.3,55.3,21932,17.0,18,55/45,United Kingdom
601—800,Oakland University,18.8,17.4,11.8,24.5,33.5,24.5,15083,20.4,2,59/41,United States
601—800,Ohio University,23.3,24.9,14.2,28.5,34.2,29.5,30341,20.9,6,57/43,United States
601—800,Okayama University,23.0,26.1,14.6,26.4,44.0,21.9,13186,8.2,4,38/62,Japan
601—800,Osaka City University,25.6,28.5,13.4,33.6,40.2,21.8,8493,9.8,4,36/64,Japan
601—800,University of Oviedo,25.9,18.3,12.4,44.2,33.4,30.5,24845,14.5,2,54/46,Spain
601—800,Palacký University Olomouc,26.2,19.0,12.6,40.8,32.9,52.2,18482,11.1,9,69/31,Czech Republic
601—800,Panjab University,26.5,23.8,9.2,46.2,32.3,15.2,15778,22.3,1,48/52,India
601—800,University of Patras,22.5,15.3,11.4,35.9,43.6,34.6,24477,32.9,6,51/49,Greece
601—800,Peter the Great St Petersburg Polytechnic University,22.8,30.9,15.9,17.1,48.8,40.1,15759,6.0,15,43/57,Russian Federation
601—800,Pontifical Catholic University of Rio Grande do Sul (PUCRS),21.3,20.3,11.8,28.7,46.2,23.1,21471,21.1,1,47/53,Brazil
601—800,Pontifical Catholic University of Rio de Janeiro (PUC-Rio),26.3,27.3,23.9,20.6,100.0,35.2,15047,21.9,3,51/49,Brazil
601—800,University of Pretoria,26.3,22.7,24.1,25.6,63.2,47.1,34447,23.3,8,57/43,South Africa
601—800,Universiti Putra Malaysia,23.9,26.9,24.3,14.4,36.3,59.6,24161,12.0,17,73/27,Malaysia
601—800,University of Pécs,23.2,20.0,9.1,33.1,38.2,55.9,18109,14.6,13,54/46,Hungary
601—800,Quaid-i-azam University,27.0,18.2,0.8,56.9,32.1,39.9,13126,26.0,0,52/48,Pakistan
601—800,Rochester Institute of Technology,23.4,19.8,16.2,30.9,33.7,33.8,13518,14.1,16,34/66,United States
601—800,University of Roehampton,20.3,16.6,17.4,18.3,32.2,66.5,7457,18.3,23,73/27,United Kingdom
601—800,Universiti Sains Malaysia,22.1,33.1,16.0,13.1,37.9,44.2,28592,14.7,8,62/38,Malaysia
601—800,University of Salamanca,24.9,23.3,14.4,32.2,35.2,44.5,32517,19.1,12,60/40,Spain
601—800,University of Salford,22.0,19.6,14.4,23.7,32.7,64.9,15610,16.9,22,51/49,United Kingdom
601—800,University of Santiago de Compostela,26.7,19.8,14.9,40.9,35.7,42.4,28259,15.9,9,63/37,Spain
601—800,Savitribai Phule Pune University,21.6,38.7,11.4,14.8,33.0,18.6,5493,14.7,4,33/67,India
601—800,University of Science and Technology Beijing,20.7,26.8,22.4,10.8,63.3,16.3,24136,15.8,4,35/65,China
601—800,University of Seville,23.4,19.5,13.9,33.1,37.9,34.4,62090,17.0,6,54/46,Spain
601—800,Shantou University,21.6,17.5,10.2,33.3,35.1,32.4,9805,13.8,0,49/51,China
601—800,Shinshu University,20.6,22.3,11.4,26.2,37.3,21.1,11026,10.4,2,32/68,Japan
601—800,Shiraz University,19.4,19.1,19.4,17.7,54.7,15.2,13686,21.5,1,52/48,Iran
601—800,Sichuan University,23.5,26.1,21.2,20.1,76.3,18.3,61533,14.1,4,49/51,China
601—800,Sohag University,20.0,21.6,1.8,30.9,32.1,43.4,36460,24.4,0,76/24,Egypt
601—800,South China University of Technology,27.4,20.3,19.4,39.5,67.9,18.6,41868,17.0,3,34/66,China
601—800,University of Southern Queensland,21.8,21.8,14.6,20.7,32.7,67.7,14388,27.9,20,55/45,Australia
601—800,Sri Venkateswara University,19.0,34.3,11.5,11.2,32.8,15.5,6880,15.5,0,25/75,India
601—800,Suez Canal University,20.9,16.6,22.5,18.7,32.1,44.9,34490,12.3,2,61/39,Egypt
601—800,Sultan Qaboos University,19.9,23.2,9.6,17.0,40.9,70.3,7634,8.5,3,50/50,Oman
601—800,Suranaree University of Technology,19.1,20.6,10.9,22.4,33.6,31.5,10548,26.8,1,53/47,Thailand
601—800,University of Szeged,22.7,20.6,11.0,30.0,36.1,50.8,21420,13.1,11,58/42,Hungary
601—800,São Paulo State University (UNESP),19.3,29.5,18.8,9.2,34.5,18.8,53884,14.1,2,51/49,Brazil
601—800,TOBB University of Economics and Technology,18.8,13.6,10.6,28.3,32.4,30.1,4506,17.6,1,42/58,Turkey
601—800,Taipei Medical University,27.0,26.4,21.1,27.3,97.9,28.4,6102,10.4,6,57/43,Taiwan
601—800,Tallinn University of Technology,25.6,14.7,11.4,44.7,44.7,42.5,13050,24.5,6,45/55,Estonia
601—800,Tata Institute of Fundamental Research,27.6,24.4,10.0,45.1,32.1,37.2,579,2.2,1,33/67,India
601—800,Technical University of Madrid,23.8,21.9,13.7,30.8,39.1,41.9,40523,13.3,12,32/68,Spain
601—800,Teesside University,21.6,15.8,8.8,34.4,32.4,44.4,11376,18.5,11,57/43,United Kingdom
601—800,University of Tehran,21.1,27.8,12.6,22.1,32.1,19.1,54000,27.0,1,45/55,Iran
601—800,Tehran University of Medical Sciences,25.5,50.2,14.2,14.1,33.6,15.5,13388,8.1,2,60/40,Iran
601—800,Universiti Teknologi Malaysia,25.1,26.8,15.7,27.1,33.1,54.8,21992,11.9,19,49/51,Malaysia
601—800,Texas Tech University,24.4,27.7,16.6,25.4,33.6,41.1,30145,20.2,7,45/55,United States
601—800,University of Texas at El Paso,21.7,20.7,20.9,20.9,32.1,33.0,16389,24.3,7,53/47,United States
601—800,Tezpur University,25.3,22.4,14.2,39.8,32.2,12.3,3300,13.6,0,42/58,India
601—800,Tokushima University,20.5,27.4,17.9,14.2,54.3,18.5,7550,9.0,3,34/66,Japan
601—800,Tokyo University of Agriculture and Technology,23.7,26.4,22.9,20.8,44.6,20.9,5802,14.8,5,27/73,Japan
601—800,Tokyo University of Science,22.5,21.1,23.7,22.5,37.8,16.8,19911,25.2,1,20/80,Japan
601—800,Toyohashi University of Technology (TUT),19.7,22.3,17.2,16.8,47.7,24.7,2331,9.9,8,10/90,Japan
601—800,Universiti Teknologi Petronas,20.8,25.1,17.0,10.3,65.5,64.4,5466,14.1,27,36/64,Malaysia
601—800,University of Vigo,21.7,15.5,11.7,33.2,37.0,36.5,20834,17.2,4,50/50,Spain
601—800,Vilnius University,24.0,19.2,12.7,35.0,40.2,40.4,18442,11.9,4,64/36,Lithuania
601—800,Waseda University,26.1,25.9,20.0,30.1,35.6,32.4,51809,16.6,8,35/65,Japan
601—800,University of the West of England,24.6,15.6,13.4,38.3,32.9,53.3,20754,19.3,17,53/47,United Kingdom
601—800,University of the West of Scotland,23.9,14.0,10.3,40.0,32.3,56.7,11593,20.7,11,60/40,United Kingdom
601—800,West University of Timi?oara,19.6,18.1,7.9,29.2,32.1,29.8,13555,18.3,4,65/35,Romania
601—800,University of the Western Cape,26.4,17.9,14.3,40.1,32.7,58.4,20182,33.2,8,60/40,South Africa
601—800,University of Westminster,21.0,15.6,14.0,22.2,32.4,81.0,16568,20.1,45,58/42,United Kingdom
601—800,University of Windsor,20.8,18.0,13.7,24.7,35.3,48.3,15453,18.7,16,52/48,Canada
601—800,Yamagata University,19.3,22.3,10.0,22.8,50.4,19.4,8866,8.3,2,34/66,Japan
601—800,University of Yamanashi,18.9,25.3,10.2,19.5,35.9,19.8,4842,6.9,4,30/70,Japan
601—800,Yeungnam University,27.1,33.1,11.4,35.0,38.9,28.0,22658,16.2,3,49/51,South Korea
601—800,Yokohama City University,23.2,23.8,6.4,38.0,39.4,16.9,4851,5.0,2,55/45,Japan
601—800,Yuan Ze University,19.8,17.1,14.1,25.3,45.7,20.9,8814,20.9,5,42/58,Taiwan
601—800,École Centrale de Lyon,26.2,28.8,15.0,23.7,82.7,64.9,1872,17.7,23,26/74,France
601—800,Izmir Institute of Technology,18.7,17.7,9.0,25.2,42.5,29.2,4201,19.0,4,45/55,Turkey
> 800,Acharya Nagarjuna University,15.6,36.2,7.8,1.7,39.9,17.1,5605,17.4,3,27/73,India
> 800,"Adam Mickiewicz University, Poznań",17.3,17.6,10.4,20.4,32.7,28.1,39291,15.0,2,71/29,Poland
> 800,"University of Agriculture, Faisalabad",16.9,14.8,12.2,20.6,32.2,26.2,15122,29.0,0,36/64,Pakistan
> 800,Ain Shams University,13.6,19.2,7.9,9.6,33.3,31.2,133048,12.5,2,59/41,Egypt
> 800,Alexandria University,17.1,16.2,8.7,20.6,34.8,42.2,154366,26.9,3,47/53,Egypt
> 800,Alexandru Ioan Cuza University,16.4,20.1,11.7,11.2,32.2,48.7,23707,29.7,3,59/41,Romania
> 800,Amity University,11.7,15.0,7.5,10.0,32.9,16.6,25391,15.0,3,38/62,India
> 800,Amrita Vishwa Vidyapeetham,13.9,18.7,6.0,10.8,44.4,37.1,18938,11.9,9,null,India
> 800,Anadolu University,12.6,10.9,8.9,15.3,39.3,15.1,1414640,594.4,0,44/56,Turkey
> 800,"University of the Andes, Venezuela",13.2,13.1,6.9,13.2,32.1,41.5,54595,23.2,0,60/40,Venezuela
> 800,Andhra University,14.5,33.0,8.1,1.6,35.5,15.0,10882,21.0,4,55/45,India
> 800,Ankara University,12.1,18.0,5.3,10.4,32.6,18.8,59554,16.4,4,53/47,Turkey
> 800,Autonomous University of Nuevo León,10.3,11.6,6.7,8.1,32.1,28.2,104912,28.9,0,null,Mexico
> 800,Autonomous University of Puebla,11.9,14.6,8.2,9.7,32.1,22.2,64029,14.3,0,52/48,Mexico
> 800,Autonomous University of the State of Mexico,11.0,15.6,8.6,5.4,32.4,23.1,52482,22.8,0,56/44,Mexico
> 800,Bahauddin Zakariya University,16.1,13.2,10.1,24.0,0.0,25.8,21433,30.2,0,47/53,Pakistan
> 800,Bandung Institute of Technology (ITB),13.2,19.0,11.1,1.9,84.4,28.0,19757,13.9,1,41/59,Indonesia
> 800,Belarusian State University,15.7,20.1,9.0,11.0,32.1,52.3,28822,10.0,6,69/31,Belarus
> 800,University of Belgrade,18.2,17.4,12.5,20.7,36.7,32.2,99335,25.4,4,60/40,Serbia
> 800,University of Bucharest,14.0,22.3,7.4,9.4,32.2,25.5,31305,23.5,2,70/30,Romania
> 800,Cairo University,16.5,18.2,11.8,15.8,33.4,30.6,256470,46.3,2,48/52,Egypt
> 800,Central South University,18.5,23.7,11.3,18.5,48.7,14.6,55100,17.0,1,40/60,China
> 800,University of Cergy-Pontoise,17.0,18.9,7.5,16.8,34.8,55.8,17165,9.3,14,57/43,France
> 800,Chiba Institute of Technology,11.4,13.5,9.6,8.9,34.5,15.0,9644,34.0,1,10/90,Japan
> 800,China University of Mining and Technology,16.1,19.2,14.4,11.3,65.4,13.4,43024,19.0,1,26/74,China
> 800,Chongqing University,17.9,18.0,17.5,14.4,65.4,18.4,46461,16.5,3,null,China
> 800,Chungnam National University,16.3,23.6,9.2,13.0,48.5,20.5,22433,21.9,3,34/66,South Korea
> 800,Chuo University,17.4,23.3,8.5,18.6,34.4,20.0,26908,38.8,3,34/66,Japan
> 800,Cochin University of Science and Technology,14.6,25.9,12.8,4.4,32.1,14.8,7615,32.1,0,35/65,India
> 800,University of Colombo,11.9,12.2,6.8,11.0,32.1,37.0,16296,22.4,1,40/60,Sri Lanka
> 800,University of Costa Rica,15.7,19.3,7.7,16.6,2.5,42.4,30067,10.1,-1,52/48,Costa Rica
> 800,Czech University of Life Sciences Prague (CULS),15.6,15.8,11.4,9.1,48.5,65.7,18149,22.0,16,55/45,Czech Republic
> 800,University of Debrecen,17.5,17.5,4.3,23.4,37.1,48.7,28812,19.7,13,57/43,Hungary
> 800,Doshisha University,10.6,14.7,6.2,7.2,33.5,22.1,28899,23.0,3,38/62,Japan
> 800,University of Electronic Science and Technology of China,13.3,16.0,6.6,15.0,32.1,17.2,34483,16.1,1,23/77,China
> 800,Embry-Riddle Aeronautical University,13.5,18.0,6.6,12.2,33.2,25.6,15259,10.2,10,16/84,United States
> 800,Erciyes University,18.2,15.4,10.1,26.6,37.1,19.8,31185,24.2,3,46/54,Turkey
> 800,Federal University of Bahia,12.9,18.5,5.2,14.4,1.1,22.2,35173,14.2,1,47/53,Brazil
> 800,Federal University of Ceará (UFC),14.7,22.9,4.7,16.6,1.5,19.8,34836,17.8,1,48/52,Brazil
> 800,Federal University of Goiás,13.6,17.4,7.1,14.0,32.1,18.9,29785,5.2,0,46/54,Brazil
> 800,Federal University of Pernambuco,14.0,23.5,5.0,11.5,32.1,18.5,31512,12.3,1,51/49,Brazil
> 800,Federal University of Rio Grande do Norte (UFRN),14.2,20.9,8.2,10.6,44.0,18.5,40110,18.7,1,48/52,Brazil
> 800,Federal University of Santa Maria,11.5,20.3,5.0,7.2,32.8,14.5,24695,13.0,0,null,Brazil
> 800,Federal University of São Carlos,15.0,23.0,6.8,12.9,32.1,21.4,16556,14.3,2,null,Brazil
> 800,Federal University of Viçosa,13.4,21.8,8.8,6.4,53.1,16.2,16819,13.9,2,51/49,Brazil
> 800,Federal University of Lavras,17.3,31.9,14.2,5.1,43.7,14.9,11894,20.8,1,52/48,Brazil
> 800,Ferdowsi University of Mashhad,15.3,21.6,8.6,16.1,0.6,19.3,23187,29.4,4,57/43,Iran
> 800,Fluminense Federal University,12.6,18.4,7.9,8.5,32.3,22.7,43821,13.0,0,55/45,Brazil
> 800,Fu Jen Catholic University,15.6,13.8,9.9,19.3,45.9,20.9,27427,25.2,5,58/42,Taiwan
> 800,Gazi University,12.7,17.5,9.1,9.6,36.8,14.5,76768,25.0,3,49/51,Turkey
> 800,Gdańsk University of Technology,18.2,14.8,9.2,28.3,37.6,17.6,25491,20.9,1,39/61,Poland
> 800,Gifu University,17.3,21.8,12.0,16.2,36.0,19.7,7280,10.0,4,34/66,Japan
> 800,University of Guadalajara,9.6,14.9,3.1,6.1,32.1,27.7,109375,51.0,1,51/49,Mexico
> 800,Gunma University,16.4,22.3,11.5,13.1,44.1,17.1,6393,9.6,3,36/64,Japan
> 800,Hallym University,13.1,18.6,7.2,11.3,33.3,17.7,9497,11.1,2,null,South Korea
> 800,Hashemite University,14.2,8.2,7.6,20.3,32.1,40.8,29803,32.8,1,61/39,Jordan
> 800,Hosei University,12.1,14.1,4.9,14.0,33.1,20.8,29171,38.7,1,34/66,Japan
> 800,I-Shou University,15.9,12.7,14.8,15.7,47.9,27.0,16583,30.5,11,45/55,Taiwan
> 800,University of Ibadan,15.9,27.5,11.3,5.7,40.4,28.8,26753,17.3,1,45/55,Nigeria
> 800,University of Indonesia,15.0,17.5,9.7,12.6,44.0,33.0,46775,21.3,0,57/43,Indonesia
> 800,Islamic Azad University Karaj,13.1,14.0,7.8,15.2,32.1,15.8,30000,52.4,1,53/47,Iran
> 800,Ivane Javakhishvili Tbilisi State University,9.7,12.1,9.0,2.1,32.9,37.8,21675,28.6,2,62/38,Georgia
> 800,Iwate University,14.1,19.8,6.6,12.8,42.0,20.2,5719,14.4,3,37/63,Japan
> 800,Jiangsu University,15.0,20.5,8.5,11.6,52.8,25.2,32664,7.2,3,41/59,China
> 800,Jinan University,17.5,19.1,13.2,14.8,36.7,41.9,45094,19.7,26,58/42,China
> 800,University of Jordan,14.8,19.2,6.0,9.6,33.8,66.4,26532,12.5,17,65/35,Jordan
> 800,Kansai University,14.4,24.3,6.7,9.9,32.7,21.4,30178,10.9,3,39/61,Japan
> 800,University of Karachi,11.3,17.1,8.3,4.3,32.1,29.4,22990,19.6,0,57/43,Pakistan
> 800,Kasetsart University,12.8,14.5,9.7,8.7,40.2,34.7,67148,23.0,1,60/40,Thailand
> 800,Kaunas University of Technology,11.9,17.5,10.9,4.2,36.1,21.5,9873,12.7,4,40/60,Lithuania
> 800,Khon Kaen University,17.7,18.5,8.5,21.3,45.6,29.9,37320,15.6,1,63/37,Thailand
> 800,King Mongkut’s Institute of Technology Ladkrabang,17.4,14.0,21.8,11.3,83.1,17.9,24642,25.3,0,51/49,Thailand
> 800,Kwansei Gakuin University,10.6,15.1,7.1,5.7,32.8,25.6,24107,15.6,4,47/53,Japan
> 800,Kyushu Institute of Technology (Kyutech),15.6,18.0,10.5,14.3,50.5,22.6,5872,16.1,4,12/88,Japan
> 800,University of Lahore,11.9,12.2,7.5,10.9,32.1,32.1,23831,19.0,2,32/68,Pakistan
> 800,University of Latvia,17.4,21.7,12.0,14.9,32.9,31.8,12480,31.0,6,null,Latvia
> 800,Lobachevsky State University of Nizhni Novgorod,15.6,25.8,10.9,7.3,41.2,23.8,18662,8.8,5,53/47,Russian Federation
> 800,London South Bank University,16.0,14.4,8.3,15.2,32.5,68.5,12482,17.2,34,54/46,United Kingdom
> 800,Londrina State University,12.1,19.9,6.7,7.9,32.1,15.5,20546,12.1,1,57/43,Brazil
> 800,Lviv Polytechnic National University,9.6,16.6,7.6,1.0,32.4,25.0,28037,13.5,1,null,Ukraine
> 800,Maharaja Sayajirao University of Baroda,14.1,15.9,8.5,16.4,32.3,12.3,37783,54.8,0,52/48,India
> 800,Manipal Academy of Higher Education,11.8,20.7,9.2,2.3,32.2,25.0,24022,9.8,10,45/55,India
> 800,Mansoura University,14.3,15.7,2.6,19.0,32.1,37.1,113021,18.0,3,54/46,Egypt
> 800,Marmara University,10.6,14.8,3.2,10.4,32.1,19.8,66212,32.6,4,50/50,Turkey
> 800,University of Marrakech Cadi Ayyad,16.8,14.1,6.8,23.4,34.2,41.9,64260,44.1,1,44/56,Morocco
> 800,Meiji University,15.2,14.7,10.5,16.9,43.2,20.9,32433,29.6,4,31/69,Japan
> 800,Ming Chuan University,11.0,12.2,8.0,8.8,32.5,24.8,18809,24.5,10,60/40,Taiwan
> 800,Mohammed V University of Rabat,14.5,21.8,7.7,9.8,37.6,31.3,75403,35.8,3,48/52,Morocco
> 800,University of Monastir,12.8,15.9,7.0,9.6,32.1,39.4,24724,13.8,1,66/34,Tunisia
> 800,Tokyo City University,12.6,16.4,8.8,10.1,36.9,17.4,8150,15.9,1,21/79,Japan
> 800,Nagaoka University of Technology,18.1,24.2,12.4,14.0,38.9,31.4,2297,9.8,11,10/90,Japan
> 800,University of Nairobi,16.8,13.6,10.0,20.2,32.9,46.3,74654,42.2,1,40/60,Kenya
> 800,Nanjing Tech University,15.8,15.4,11.5,16.1,67.7,15.7,28861,18.3,1,null,China
> 800,National Chengchi University,16.3,18.9,13.7,10.9,34.6,41.4,15922,17.4,12,58/42,Taiwan
> 800,National Research University of Electronic Technology (MIET),15.1,18.8,11.1,11.9,33.8,28.3,4460,10.5,2,28/72,Russian Federation
> 800,National Research Saratov State University,18.1,19.4,12.3,18.7,36.0,31.4,11663,12.9,6,63/37,Russian Federation
> 800,National University of Science and Technology (MISiS),17.3,23.5,13.9,8.7,50.2,40.9,8326,9.2,17,38/62,Russian Federation
> 800,National University of the South,12.2,21.3,6.9,8.8,1.1,17.5,19086,6.8,1,58/42,Argentina
> 800,National Taipei University of Technology,17.5,15.8,13.7,17.9,74.0,19.1,10409,17.0,5,26/74,Taiwan
> 800,National Technical University of Ukraine – Kyiv Polytechnic Institute,11.6,21.8,9.5,1.5,33.3,17.8,22328,8.8,2,32/68,Ukraine
> 800,Nicolaus Copernicus University in Toruń,15.2,18.6,8.0,16.3,33.7,22.6,22551,11.2,1,69/31,Poland
> 800,Novosibirsk State Technical University,12.7,20.3,10.4,3.2,37.2,31.3,11358,12.6,17,54/46,Russian Federation
> 800,Ocean University of China,17.9,18.9,11.4,21.0,46.6,17.2,35373,19.8,1,null,China
> 800,Oita University,14.0,22.7,7.3,10.3,33.3,16.4,5834,7.1,2,38/62,Japan
> 800,Osaka Prefecture University,17.9,23.2,11.5,16.9,39.8,19.1,7931,7.4,3,35/65,Japan
> 800,Osmania University,16.2,29.6,12.2,7.3,32.4,9.1,11921,12.2,4,34/66,India
> 800,Federal University of Ouro Preto,11.7,14.5,4.6,13.2,33.9,17.2,15948,17.5,0,50/50,Brazil
> 800,University of Pardubice,15.7,15.6,12.1,16.5,32.8,23.5,10508,19.4,4,55/45,Czech Republic
> 800,RUDN University,13.9,23.3,9.8,2.6,35.1,44.6,14773,8.8,34,51/49,Russian Federation
> 800,University of the Philippines,16.3,20.1,9.3,13.5,40.8,42.1,48501,11.1,1,59/41,Philippines
> 800,Pontifical Catholic University of Paraná,16.5,14.4,8.0,24.6,33.9,19.3,24682,22.3,1,53/47,Brazil
> 800,Pontifical Catholic University of Valparaíso,15.4,14.0,10.7,13.5,51.7,45.2,15241,25.0,1,44/56,Chile
> 800,Prince of Songkla University,17.4,14.6,7.6,25.7,33.2,31.2,41043,17.2,1,71/29,Thailand
> 800,Riga Technical University,15.3,15.8,10.3,16.2,38.9,24.5,11790,27.3,7,39/61,Latvia
> 800,Rio de Janeiro State University (UERJ),17.4,20.9,10.8,17.8,49.2,17.8,24276,11.6,0,55/45,Brazil
> 800,Ritsumeikan University,13.4,15.6,8.5,12.8,33.5,24.3,34867,23.8,4,36/64,Japan
> 800,Robert Gordon University,16.3,15.0,9.6,15.1,33.0,63.4,9628,19.1,23,60/40,United Kingdom
> 800,SASTRA University,12.3,12.9,7.4,14.7,32.3,11.6,13649,18.5,0,48/52,India
> 800,SRM Institute of Science and Technology’,10.5,14.9,7.2,7.1,32.6,14.8,42345,15.6,2,23/77,India
> 800,Saitama University,18.4,19.1,11.0,22.8,33.3,22.6,7459,11.7,2,33/67,Japan
> 800,Saitama Medical University,17.6,22.8,7.3,21.3,37.2,13.5,1888,1.5,1,53/47,Japan
> 800,Samara State Aerospace University,14.8,18.3,7.4,16.0,46.5,15.4,6833,10.2,4,null,Russian Federation
> 800,"University of Santiago, Chile (USACH)",14.0,15.9,10.8,9.6,32.3,40.4,22720,20.7,1,40/60,Chile
> 800,Sathyabama Institute of Science and Technology,9.4,14.8,7.9,3.7,32.4,12.4,15918,20.1,1,45/55,India
> 800,Sechenov University,12.6,25.4,9.1,0.7,33.4,23.8,16774,9.0,11,56/44,Russian Federation
> 800,University of Seoul,17.6,22.0,8.7,20.1,33.0,21.2,10498,18.6,3,36/64,South Korea
> 800,Shaanxi Normal University,16.2,16.4,9.0,21.7,32.1,14.5,25799,16.3,1,73/27,China
> 800,Shahid Beheshti University,17.0,18.9,14.8,14.8,53.8,15.1,18607,24.6,1,52/48,Iran
> 800,Shanghai University,18.2,18.1,14.7,19.8,44.5,16.0,48397,18.6,1,45/55,China
> 800,Sheffield Hallam University,17.7,16.6,10.3,19.7,32.5,48.6,25506,17.1,16,54/46,United Kingdom
> 800,Shibaura Institute of Technology Tokyo,11.2,15.8,8.4,6.9,34.6,17.1,9357,17.4,2,13/87,Japan
> 800,Shimane University,14.5,22.5,9.1,10.1,35.4,17.3,5974,9.3,2,38/62,Japan
> 800,Shizuoka University,15.8,17.4,12.2,15.0,36.2,22.7,10083,14.4,3,29/71,Japan
> 800,Showa University,16.0,28.2,8.3,10.5,35.8,14.4,3728,2.5,0,58/42,Japan
> 800,Siberian Federal University,11.4,20.3,8.9,3.1,36.3,15.4,26156,11.0,1,46/54,Russian Federation
> 800,Sidi Mohamed Ben Abdellah University,11.1,21.9,6.2,2.4,32.1,21.1,82019,59.2,1,43/57,Morocco
> 800,University of Silesia in Katowice,16.7,17.1,7.7,22.7,32.1,21.8,26470,14.0,2,68/32,Poland
> 800,Simón Bolívar University,15.6,15.8,11.3,16.8,0.7,39.2,12545,15.0,0,45/55,Venezuela
> 800,Slovak University of Technology in Bratislava,15.7,20.3,9.5,13.8,34.9,27.9,16402,15.2,2,30/70,Slovakia
> 800,Sofia University,14.7,18.8,10.8,9.5,33.7,38.0,23158,13.7,4,51/49,Bulgaria
> 800,Sophia University,14.3,19.9,10.4,7.7,33.4,36.9,13468,25.2,9,55/45,Japan
> 800,University of South Africa,14.7,16.9,9.9,12.6,32.4,34.3,187043,97.4,9,65/35,South Africa
> 800,South Valley University,15.3,12.5,4.4,22.2,32.1,43.5,42020,53.7,1,62/38,Egypt
> 800,Southern Federal University,14.6,22.1,8.0,10.7,40.0,21.7,22455,7.7,6,79/21,Russian Federation
> 800,University of Southern Mississippi,18.1,20.1,8.5,23.0,38.3,22.6,14143,17.8,3,63/37,United States
> 800,Southwest Jiaotong University,13.8,18.1,12.1,5.8,76.5,18.5,40075,15.1,2,27/73,China
> 800,State University of Maringá,11.2,16.9,9.9,5.1,32.5,13.8,23532,14.9,1,59/41,Brazil
> 800,University of Talca,14.7,14.1,11.2,12.3,32.1,46.2,10436,25.1,1,50/50,Chile
> 800,Tamkang University,13.4,13.4,11.2,12.2,34.6,23.0,27612,26.5,6,48/52,Taiwan
> 800,Taras Shevchenko National University of Kyiv,16.3,29.5,10.7,5.7,32.8,30.5,20759,8.2,3,60/40,Ukraine
> 800,Technical University of Liberec,11.8,17.8,9.6,3.7,35.7,28.8,6599,13.5,7,65/35,Czech Republic
> 800,Universiti Teknologi MARA,12.4,14.8,8.6,11.5,32.4,15.9,59795,15.3,0,65/35,Malaysia
> 800,University of Tlemcen,13.8,21.7,10.1,4.5,32.1,39.1,43008,25.1,1,67/33,Algeria
> 800,Tokai University,17.1,19.5,8.6,20.7,36.4,20.2,29959,12.9,1,27/73,Japan
> 800,Tokyo Denki University,7.9,13.4,7.7,2.3,0.4,15.9,9652,26.8,2,10/90,Japan
> 800,Tokyo University of Marine Science and Technology,16.7,22.2,12.7,11.0,53.0,26.4,2678,11.4,6,33/67,Japan
> 800,Tomas Bata University in Zlín,16.1,15.9,13.7,12.6,34.5,46.0,10223,23.3,8,null,Czech Republic
> 800,Tottori University,15.5,25.0,8.4,11.4,36.7,17.9,6185,8.2,2,35/65,Japan
> 800,University of Toyama,18.0,21.4,12.0,17.7,41.9,24.5,9308,11.3,3,39/61,Japan
> 800,University of Tunis El Manar,12.8,17.9,7.4,7.3,32.5,39.6,37781,21.1,1,65/35,Tunisia
> 800,Ural Federal University,14.8,22.2,11.2,8.6,38.1,20.0,28089,10.0,4,47/53,Russian Federation
> 800,Universiti Utara Malaysia,13.3,20.5,11.0,2.2,35.4,45.1,12538,12.1,18,73/27,Malaysia
> 800,Utsunomiya University,12.0,16.2,8.3,8.2,34.0,23.1,5024,14.6,5,36/64,Japan
> 800,V.N. Karazin Kharkiv National University,13.0,21.2,8.3,2.4,32.4,50.8,15778,10.4,25,54/46,Ukraine
> 800,VIT University,11.0,15.0,7.7,7.3,33.4,20.3,29572,20.0,2,25/75,India
> 800,Voronezh State University,10.3,19.2,7.0,1.3,34.1,23.2,14011,10.1,9,53/47,Russian Federation
> 800,VŠB - Technical University of Ostrava,17.3,15.6,11.7,20.8,37.9,27.1,20191,25.2,7,null,Czech Republic
> 800,University of West Bohemia,16.6,15.8,11.1,19.8,35.9,24.5,14067,19.7,3,52/48,Czech Republic
> 800,Wuhan University of Technology,16.3,18.3,11.1,15.8,59.2,16.5,50753,14.9,3,30/70,China
> 800,Xiangtan University,18.5,13.3,8.9,31.5,36.4,14.6,28407,19.7,1,51/49,China
> 800,Xidian University,16.0,17.5,13.4,12.4,78.2,14.5,32064,16.8,2,29/71,China
> 800,Yamaguchi University,15.8,21.5,11.5,11.9,41.0,20.3,10573,11.0,3,35/65,Japan
> 800,Yazd University,18.0,28.0,10.8,14.4,34.2,15.5,12500,32.1,0,61/39,Iran
> 800,Yokohama National University,17.6,20.9,17.2,11.9,45.4,23.1,10124,13.0,7,28/72,Japan
> 800,Autonomous University of Yucatán,13.9,19.0,6.9,12.0,32.9,27.5,15271,11.3,0,51/49,Mexico
> 800,Yıldız Technical University,15.9,13.6,8.1,22.5,44.7,18.5,34417,28.3,4,37/63,Turkey
> 800,University of Zagreb,17.5,20.4,11.6,17.1,44.6,25.4,67332,18.4,1,58/42,Croatia
> 800,University of Zanjan,10.4,12.5,8.5,7.7,34.3,15.3,9444,24.0,0,55/45,Iran
> 800,University of Łódź,13.7,15.9,8.3,14.1,32.3,21.5,36400,16.4,2,66/34,Poland
